Group,Description,id
101,CORDED POWER TOOLS,1
102,CORDLESS POWER TOOLS,2
103,DRILL/SCREW ACCESS.,3
104,CUTTING ACCESSORIES,4
105,DIAMOND CUTTING/CORE,5
108,WET/DRY VACUUMS,6
109,GENERATORS/P-WASHERS,7
110,PUMPS/COMPRESSORS,8
111,LASERS & MEASURING,9
112,AIR TOOLS & ACCESS.,10
113,BATTERIES & CHARGERS,11
114,MISCELLANEUS,12
115,SPECIAL KITS,13
116,HOME AND GARDEN,14
117,PARTS,15
118,POWER TOOL REPAIRS,16
1001,WELDING PRODUCTS,17
201,PLIERS & WRENCHES,18
202,HEX KEYS,19
203,KNIVES & BLADES,20
204,MEASURING & LAYOUT,21
205,CHALK & CHALK LINES,22
206,SCREWDRIVERS,23
207,SHOVELS/RAKES/PICKS,24
208,HAND SAWS,25
209,HAMMER/STRIKE TOOLS,26
210,VISES & CLAMPS,27
211,"SOCKETS,SETS & ACCES",28
212,LEVELS (TBDELETED),29
213,KITS,30
214,MISCELLANEUS,31
215,METAL CUTTING(SNIPS),32
2001,ROD/PIPE RACKS,33
2002,TRAY/CHEST/BOX/BAGS,34
2003,CASTERS AND WHEELS,35
2004,WIRE RACK,36
2005,MATERIAL LIFTS,37
2006,PIPE STANDS (TBDEL),38
2007,MATERIAL MOVING,39
2008,TRUCK BOXES,40
2009,MISCELLANEUS,41
2201,BOXES & ENCLOSURES,42
2202,EMT CONDUIT & FTGS,43
2203,PVC CONDUIT & FTGS,44
2204,BASKET & CABLE TRAY,45
2205,RIGID CONDUIT & FTG,46
2206,WIRING DEVICES/BRKRS,47
2207,FLEX CONDUIT & FTGS,48
2208,MISCELLANEUS,49
2209,GROUNDING,50
2301,TESTING&MEASUREMENT,51
2302,CABLE PULLING,52
2303,CONDUIT BENDING,53
2304,CABLE FISHING,54
2305,K/O PUNCH/DIES/SETS,55
2306,CRIMPS & CONNECTORS,56
2307,SPECIAL HAND TOOLS,57
2308,IDENTIFY & LABELLING,58
2309,CUTTERS & CRIMPERS,59
2310,MISCELLANEUS,60
2401,HEAD PROTECTION,61
2402,TRAFFIC SAFETY,62
2403,EYE/FACE PROTECTION,63
2404,RESPIRATORY,64
2405,FALL ARREST,65
2406,HEARING PROTECTION,66
2407,HAND PROTECTION,67
2408,FIRST AID,68
2409,LOCK-OUT/TAG-OUT,69
2410,PROTECTIVE CLOTHING,70
2411,SPILL CONTAINMENT,71
2412,IDENTIFIC / MARKING,72
2413,AED EQUIPMENT,73
2414,PERSONAL PROTECTION,74
2415,MISCELLANEUS,75
2601,VISES/PIPE STANDS,76
2602,CUTTING & BENDING,77
2603,THREADING,78
2604,ROLL GROOVING,79
2605,INSPECTION/LOCATING,80
2606,DRAIN CLEANING,81
2607,HAND TOOLS,82
2608,MISCELLANEUS,83
2701,CHAIN FALL/HOIST,84
2702,SPRING PULLERS,85
2703,SLINGS,86
2704,CHAIN & FITTINGS,87
2705,CABLE & FITTINGS,88
2707,GANTRY,89
2708,MISCELLANEUS,90
2709,A/C&FITTINGS (TBDEL),91
2801,METAL PRODUCTS,92
2802,PAINT/MARKERS/CRAYON,93
2803,CLEANING/JANITORIAL,94
2804,TAPE (MASKING/DUCT),95
2805,RADIO/BATTERY/FLIGHT,96
2806,TARPAULINS,97
2807,ROPES,98
2809,ACCESS DOORS,99
2810,PROPERTY MAINTENANCE,100
2811,GARBAGE BAG/CAN/FILM,101
2812,DUFFLE BAGS TBDELETE,102
2813,CLOTHING,103
2814,MISCELLANEUS,104
2815,DRINKING WATER,105
2816,CABLE TIES,106
2817,PLUMBING ROUGHIN,107
2818,MINERAL WOOL,108
2901,COPPER BUILDING WIRE,109
2902,ALUM BUILDING WIRE,110
2903,TECK CABLE - 600V,111
2904,TECK CABLE - 1KV,112
2905,PORTABLE CORD,113
2906,UTILITY CABLES,114
2907,SOLAR CABLES,115
2908,WIND FARM CABLES,116
2910,MISCELLANEUS,117
302,EXTENSION CORDS,118
304,POT LIGHTS,119
306,LIGHT BULBS,120
307,CONNECTORS,121
308,WORK LIGHTS,122
309,MISCELLANEUS,123
3001,GLUE & ADHESIVE,124
3002,FOAM SEALANT,125
3003,FIRESTOP,126
3004,ELECT.INSUL.SPRAY,127
3005,PIPE THREAD SEALANT,128
3007,CUTTING FLUID/LUBES,129
3008,CLEANERS/DEGREASERS,130
3009,MISCELLANEUS,131
3010,CAULK/SEALANTS,132
401,CUTTING,133
402,GRINDING,134
403,BENCH GRINDING,135
404,SANDING/FINISHING,136
405,LG DIAM CUT BLADES,137
406,WIRE WHEELS/BRUSHES,138
407,CARBIDE BURRS,139
408,MISCELLANEUS,140
501,ROLLING LADDERS,141
502,AERIAL WORK PLATFORM,142
503,STEP LADDERS,143
504,EXTENSION LADDERS,144
505,PLATFORM LADDERS,145
506,SCAFFOLDING,146
507,LADDER RACKS,147
508,MISCELLANEUS,148
701,STRUT CHANNEL,149
702,STRUT FITTINGS,150
703,HANGERS/SUPPORTS (D),151
704,THREADED ROD,152
705,CLIPS/FASTENERS,153
706,WIRE ROPE SYSTEMS,154
707,BASKET/CABLE TRAY,155
708,HANGERS/SUPPORTS (I),156
709,MISCELLANEUS,157
710,C-BEAM CLAMPS,158
801,HD MECHANICAL ANCHOR,159
802,LD MECHANICAL ANCHOR,160
803,PRESET CAST-IN-PLACE,161
804,POWDER ACTUATED FAST,162
805,INSULATION ANCHORS,163
806,ADHESIVE ANCHORING,164
807,MISCELLANEUS,165
901,HVY HEX/LAG/CRG BOLT,166
902,HEX/LOCK NUTS,167
903,FLAT/LOCK WASHERS,168
904,MACHINE/WOOD SCREWS,169
905,TAP/THREADING SCREWS,170
906,STRUCTURAL PRODUCTS,171
907,SELF DRILLING SCREWS,172
908,SOCKET(HEX) PRODUCTS,173
910,G2/G5/G8 HEX CAP SCR,174
911,NON-FERROUS FASTENRS,175
914,MISCELLANEUS,176
915,STUDS,177
916,DRYWALL SCREWS,178
917,NAILS & STAPLES,179
918,METRIC FASTENERS,180
