P1LIN,P1COD,P1DSC,id
ALG,655,KELLY CASTERS (LS-45)(LS-51),1
HEN,592,HENRY'S THREADING INC (LS-40),2
BRI,197,BEST SOCK SCREW MFG (LS-60),3
CAD,310,CADDY CLIPS (LS-40),4
CAD,312,CAD WELD PRODUCT (LS-40),5
CLY,945,OTHER ABBRASIVE PRODUCTS(LS-30,6
ALP,576,ALPINE PACKAGING (LS-40),7
AME,577,ALLIED MACHINE&ENGINEER(LS-37),8
ARI,578,A. RICHARD (LS-40),9
SDV,315,SANDVIK (LS-30),10
FAI,553,FAIRVIEW FITTINGS (LS-56),11
LCK,643,LACKMOND PPA,12
HOL,150,HARDWARE (LS-50),13
MIS,22,ALEMITE (LS-30),14
ISC,583,ISCAR TOOLS (LS-30),15
MIS,21,POMAR HARDWARE,16
ARL,579,ARLINGTON INDUSTRIES (LS-35),17
ASF,580,ALLOY & STAINLESS FASTENERS,18
ASH,581,ANDREW SHERET (LS-25),19
BEP,582,BE POWER EQUIPMENT (LS-33),20
HEL,639,KELLY CABLE TIES (LS-75),21
HIT,402,HITACHI POWER TOOLS (LS-50),22
CCU,583,COAST CUTLERY (S-39),23
INF,109,2H HEX NUTS (LS-60),24
INF,101,A307 GR B BOLTS (LS-60),25
INF,107,A325 STRUCTURAL ASSY (LS-20),26
INF,106,GALV A325 BOLT ASSEMBL LS-60,27
INF,108,GRADE 8 BOLTS (LS-50),28
INF,102,A194/A563B/F436 (LS-65),29
INF,118,BEVEL WASHERS (LS-50),30
ITW,204,TEK SCREWS PACKAGED (LS-60),31
ITW,213,RETAIL (LS-60),32
ITW,210,P.A.T. (LS-55),33
KCP,689,KIMBERLY CLARK PAPERS (LS-35),34
KET,452,KETT ACCESSORIES (LS-37),35
MIS,17,DYNABRADE INC  (LS-44),36
WER,599,HAND TOOLS,37
LIG,1229,KELLY LIGHTING PRODUCTS,38
LUG,830,LUG-ALL HOISTS (LS-33),39
MAR,645,MARRETTES (LS-37),40
MIS,599,MISC. HAND TOOLS (LS-33),41
MIS,1275,KELLY MISCELLANEOUS PRODUCTS,42
MIS,199,MISC. FASTENERS (LS-45),43
MIS,1099,MISC,44
MIS,18,FELTON BRUSHES  (LS-27),45
MRK,1216,KELLY FELT MARKERS,46
MRK,1213,EDWARD H POPE MARKALL PRODUCT,47
SAS,567,STRUT FITTINGS (LS-33),48
SAS,568,STRUT CHANNELS (LS-33),49
CDT,584,COAST DISTRIBUTOR (LS-33),50
UPW,9999,UPWARD - OBSOLETE,51
CHA,585,CHAPIN INTERNATIONAL (S-40),52
CIM,586,MILACRON DUBOIS CHEMICAL(LS-30,53
NHP,657,NOUR PAINTING TOOL (LS-38),54
MIS,23,MIRKA CANADA (LS-30),55
KLR,8888,FREE PROMO ITEM,56
SCA,710,METALTECH - SCAFFOLDS (LS-37),57
LSS,658,L.S STARRETT COMPANY (LS-33),58
KLF,646,KLEEN FLO (LS-39),59
STB,530,"STABILA LEVELS, LASERS LS-33",60
SOU,684,SOUDAL (LS-33),61
TEX,0,TEXT CODES,62
BUL,649,BULLARD - ABRASIVES (LS-33),63
PNA,590,PLATINUM NORTH AMERICA,64
MIS,19,KENT WELDING GUN (LS-50),65
LCK,591,LACKM-CUT WHEELS&BLADES LS-33,66
ALC,583,ALCOT PLASTICS (LS-35),67
KCT,664,SELLCORP SERVICES,68
BDG,193,MISC. SAFETY GLOVES (LS-44),69
HEL,580,HELLERMANN SOLAR PRODUCT(LS-75,70
MIS,1327,MISC ELECTRICAL PRODUCTS,71
EMT,588,EMT CONDUIT (LS-33),72
LIG,601,KELLY LIGHTING PRODUCTS LS-33,73
DEG,9999,9999,74
SEC,605,SEC - NON STOCK ITEMS (LS-36),75
MIS,204,SILICONES/SEALANTS/ADHESIVES,76
STO,609,STORAGE SOLUTIONS (LS-45),77
SWP,643,SHERWIN WILLIAMS PRODUCT LS-45,78
SAS,569,OTHER (LS-33),79
MIL,528,MERCHANDISE (LS-33),80
CLU,587,CATALYS LUBRICANT (LS-33),81
LPS,645,ITW PRO BRANDS (LS-45),82
CTI,589,CURRENT TOOLS (LS-30),83
COA,675,COAST CUTLERY (LS-39),84
AZT,695,AZTEC ELECTRICAL (LS-50),85
NRA,691,NORTON ABRASIVE (LS-50),86
DOR,685,PRECISION (LS-70),87
EBH,600,EB HORSMAN & SON (LS-25),88
KCP,690,KIMBERLY CLARK SAFETY (LS-38),89
ENT,602,WESTPAC/ENTERPRISE (LS-35),90
ESS,603,ESSENTIAL SUPPLIES (LS-40),91
DOC,665,DOCAP CORP (LS-50),92
FAS,700,FAS RIVETS (LS-50),93
FOO,606,FOOTPRINT PRODUCTS (LS-33),94
DAP,666,DAP CANADA,95
MIS,20,CIL/ORION (LS-67),96
TYR,692,TYROLIT ABRASIVES (LS-40),97
AKR,612,STORAGE BINS/ACCESSOR (LS-35),98
CAS,694,CASTER WORLD (LS-50),99
NLP,693,NEW LINE PRODUCTS (LS-50),100
HEN,1008,L-ANCHORS,101
STO,1008,STORAGE SOLUTIONS (LS-45),102
PRI,122,HAND TOOLS (LS-43),103
ACF,696,ACCUFORM SIGNS (LS-45),104
NCA,135,NATIONAL CONCRETE ACCESS LS-40,105
CRI,199,STAPLES & STRIP NAILS (LS-40),106
MIS,24,24 (DAEMAR LS-45),107
SOW,1005,"SOWA TOOLS,DIES&BITS LS-36",108
PRA,697,PRAXAIR DISTRIBUTION (LS-30),109
LEN,300,MOTOROLA RADIOS/ACCES (LS-33),110
LYN,599,LYNCAR PRODUCTS (LS-55),111
KBC,599,CUTTING TOOLS (LS-25),112
KIN,165,KING CANADA TOOLS (LS-32),113
HIT,403,HITACHI ACCESSORIES (LS-53),114
BLK,406,BLOK LOK (LS-30),115
REC,615,RECTORSEAL PRODUCT (LS-45),116
GER,607,GERMIPHENE CORPORATION (LS-58),117
GPI,608,GENPACK IND (LS-30),118
EMP,595,HAND TOOLS&ACCESSORIES (LS-55),119
SWP,1215,SHERWIN WILLIAMS MARKING PAINT,120
SWP,1216,SHERWIN WILLIAMS COLOURWORKS,121
SWP,1217,SHERWIN WILLIAMS SPRAY PAINT,122
SWP,1218,SHERWIN WILLIAMS ACCESSORIES,123
SWP,1219,SHERWIN WILLIAMS PAINT SUNDRIE,124
SST,393,NUTS (LS-45),125
HJU,610,HJUKSTROM LIMITED (LS-50),126
MCT,1004,MORSE/MARXMAN - HSS BITS LS-33,127
GLB,3094,GLOBAL XPRESS-FASTENERS LS-40,128
GLB,3095,TIE & REBAR WIRE (LS-55),129
SST,394,WASHERS (LS-45),130
SST,395,SCREWS (LS-45),131
MIS,1235,SAFETY & OTHER CLOTHING (LS-35,132
GLB,3142,GLOBAL - CABLE TIES (LS-53),133
GLB,3147,GLOBAL XPRESS - STRUT (LS-40),134
FHI,1229,GENERIC GLOVES (LS-35),135
SNF,300,STRUT FITTINGS (LS-62),136
SNF,305,STRUT CHANNELS (LS-63),137
SST,396,BOLTS (LS-45),138
HOM,611,HOME DEPOT (LS-45),139
SYM,1358,SYMBAN LIGHTING,140
DOR,686,UNION BUTTERFIELD(LS-70),141
BCI,655,KELLY CASTERS (LS-45),142
DOR,687,DORMER(LS-70),143
EMT,1011,EMT CONDUIT,144
SNF,310,OTHER/SPECIAL (LS-62),145
SNF,315,STOCK CHANNELS (LS-63),146
EVO,199,EVOLUTION FASTENERS (LS-50),147
RID,406,"HAND/PIPE SUPR(HE,HS,TE,TS)-39",148
RID,407,RID-HAND/PIPE CORE(HC/TC)LS-29,149
RID,408,"RIDGID-DRAIN (DC,DS) LS-25",150
RID,409,"REPAIR PART(DP,HP,PP,TP,UP)-25",151
RID,410,RIDGID - PRESSING (PC) LS-29,152
RID,411,RIDGID - OTHER (UC) LS-25,153
MET,317,METABO POWER TOOLS (LS-55),154
MET,318,METABO ACCESSORIES  (LS-55),155
MET,319,METABO MULTI FIT (LS-55),156
CAD,311,BEAM CLAMPS/HANGERS ETC(LS-70),157
CAD,313,SCH/SK STRUT CLIPS (LS-60),158
MET,320,METABO - OTHERS (LS-55),159
TAY,100,TAY - TOP BEAM CLAMPS LS-63,160
TAY,101,TAY-TOP EPOXY HANGERS LS-63,161
TAY,102,TAY-TOP CLEVS/RING/RISER LS-58,162
TAY,104,PRICE PER APP MIS HANGER LS-30,163
AIM,100,AIM - TOP BEAM CLAMPS  (LS-60),164
AIM,101,MIXED PRODUCTS (LS-60),165
AIM,102,AIM - TOP CLEVIS/RISER (LS-60),166
AIM,103,AIM - OTHER HANGERS (LS-60),167
AIM,104,AIM- PPA MIS HANGERS (S-60),168
AIM,9999,AIM - VENDOR OBSOLETE (S-60),169
ADO,107,ADO - BATTERIES (LS-45),170
ADO,108,ADO-JAN/SAN-CLEANING (LS-45),171
ADO,109,ADO - MISCELLANEOUS (LS-27),172
ADO,110,ADO - SAFETY SUPPLIES (LS-30),173
ADO,111,ADO - WELDING SUPPLIES (LS-35),174
FEA,114,FEA - LADDERS (LS-30),175
ARM,509,ARMORGARD (LS-25),176
SUP,117,SUPERIOR GLOVES (LS-38),177
ACU,119,ACU - ACCESS DOORS (LS-40),178
MAK,120,MAKITA POWER TOOLS (LS-35),179
MAK,121,MAKITA ACCESSORIES (LS-39),180
IDI,123,WIRE TERMINATION (LS-41),181
IDI,124,WING AND WIRE NUT(VOLUME)LS-42,182
IDI,125,WIRE MARKERS (LS-43),183
IDI,126,WIRE MARKER BOOKLET(VOL) LS-43,184
IDI,127,TEST & MEASURE (LS-35),185
IDI,128,DATA COMM (LS-41),186
IDI,129,PULLING LUBRICANT (LS-41),187
IDI,130,TOOLS & SUPPLIES (LS-39),188
IDI,131,IRON HAND BENDERS (VOL) LS-42,189
IDI,132,FISH TAPES (LS-39),190
IDI,133,IDI - OTHER PRODUCTS (LS-39),191
CDX,135,FIRE RATED ACCESS DOOR(LS-67),192
CDX,136,STANDARD ACCESS DOORS (LS-56),193
CDX,137,OTH DOOR&ROOF&FLR HATCH LS-50,194
TCM,139,TEMPO COMMUNICATION LS-45,195
SWP,9999,OBSOLETE,196
BRA,140,BRADY PRODUCTS (LIST),197
CAN,141,CANWAY MATERIAL HANDLING(LS-40,198
OLF,142,OLFA PRODUCTS (LS-49),199
REE,143,REED PIPE/HAND/TOOL/ACC LS-25,200
REE,144,REED REPAIR PARTS (LS-30),201
STI,145,STI-FIRESTOP PRODUCTS LS-30,202
DEW,9999,OBSOLETE,203
ABU,147,PADLOCKS (LS-50),204
ABU,148,ACCESSOR FOR PAD LOCK (LS-55),205
GRI,149,GRIPPLE PRODUCTS (LS-50),206
GRI,9999,GRIPPLE OBSOLETE,207
GAR,150,GARANT PRODUCTS (LS-57.5),208
SUM,152,EQUIPMENT - SUMNER (VL),209
SUM,153,EQUIPMENT-SUMNER PART (VL),210
GRN,155,GREENLY - BENDING (LS-33),211
GRN,156,CABLE TERMINATION (LS-33),212
GRN,157,GREENLY - HOLEMAKING (LS-33),213
GRN,158,PULLING & FISHING (LS-33),214
GRN,159,"STORAGE, GENERAL (LS-33)",215
GRN,160,TEST & MEASURE (LS-33),216
GRN,161,PARTS (LS-25),217
RUS,163,1600 SERIES (LS-41),218
RUS,164,INVERTED PAINT (LS-41),219
RUS,165,OTHER PAINT (LS-41),220
MAS,167,PADLOCKS (LS-50),221
MAS,168,KEYS FOR PADLOCKS  (LS-50),222
DCT,170,DRILL BITS (LS-58),223
DCT,171,TAPS & DIES (LS-62),224
DCT,172,OTHER PRODUCTS (LS-62),225
CAD,309,ROOFTOP SUPPORT (LS-43),226
CAD,9999,VENDOR OBSOLETE,227
FHI,342,KELLY SERVICE CABINETS (LS-33),228
BBS,174,BERNARDI (LS-45),229
WAL,175,WAL-ABRASIVES/ALLSTEEL (LS-40),230
WAL,176,WAL-AIR FORTH/ALLSTEEL (LS-40),231
WAL,177,WAL-BIO-CIRCLE/BULK (LS-25),232
WAL,178,WAL-MRO CHEMICALS (LS-40),233
WAL,179,WAL-POWER TOOL/ACCESS (LS-30),234
WAL,180,WAL-POWER TOOLS-GRINDERS LS-50,235
WAL,181,WAL-PARTS (LS-20),236
WAL,182,WAL-TOOLING (LS-50),237
ATP,184,ALLIED THREADED PRODUCT(LS-33),238
RAP,185,RAPTOR CUTTING TOLLS (LS-64),239
RAP,186,CHANNELLOCK HAND TOOLS (LS-64),240
DUC,187,DCL - ALL PRODUCTS (LS-35),241
DUC,188,DCL-CLUTCHER/WIRE ROPE (LS-36),242
DUC,189,DCL - PROSEAL/EVERSEAL (LS-33),243
WBT,190,WBT - ALL PRODUCTS (LS-35),244
WBT,191,SCAFFOLDS (LS-31),245
CRL,194,CLEARLINE TECHNOLOGIES (LS-35),246
GRM,195,GRIME EATER ALL (LS-40),247
TEC,196,TECHSPAN-AUTOMOTIVE LS-46,248
TEC,197,TECHSPAN - ALL PRODUCTS LS-40,249
TEC,198,TEC-CABLE TIES SPECIAL NET -55,250
FLE,200,FLEXOVIT ABBRASIVES (LS-46),251
WAL,183,"CLEANING, JAN/SAN (LS-40)",252
GRA,201,GRAY HAND TOOLS (LS-50),253
GRA,202,GRAY OTHERS (LS-33),254
CEH,228,CAN-EU HARDWARE (LS-50),255
CRY,229,CRYO METAL PRODUCTS (LS-33),256
WPC,231,WERNER LADDERSS (LS-25),257
ITW,9999,ITW OBSOLETE,258
ITW,203,EPCON (LS-61),259
ITW,205,BULK TEK SCREWS (LS-60),260
ITW,206,TAPCON ANCHORS (LS-63),261
ITW,208,SAMMY SCREWS (LS-65),262
ITW,209,TRAKFAST (LS-60),263
ITW,211,ANCHORS (LS-60),264
ITW,212,PASLODE (LS-57),265
ITW,207,INSULATION (LS-55),266
ANS,232,ANSELL GLOVES (LS-40),267
JET,215,CHAIN HOIST - MISC (C) (LS-46),268
JET,216,MATERIAL HANDLING (C1) (LS-46),269
JET,217,ABRASIVES (C4) (LS-33),270
JET,218,AIR TOOLS (C5) (LS-33),271
JET,219,STRONGARMS (C6) (LS-33),272
JET,220,LUBE (C9) (LS-46),273
JET,221,IPE (LS-33),274
JET,222,ITC (S) (LS-46),275
JET,223,T-MISCELLANEOUS (T) (LS-46),276
JET,224,HAND TOOLS (T1) (LS-45),277
JET,225,FALL PROT/PEAKFORKS (FP)(LS-31,278
JET,226,PIONEER (NP/PP) (LS-40),279
JET,9999,OBSOLETE (LS-55),280
DEW,8888,FREE PROMO ITEM,281
WAT,105,WATSON GLOVES (LS-48),282
INS,106,INSERT BITS & DRIVERS (LS-85),283
BLI,233,CONDUIT FASTENERS (LS-40),284
BLI,234,ROOF TOP SUPPORTS (LS-33),285
BLI,235,OTHER PRODUCTS (LS-30),286
ASI,112,REBAR/TIE WIRE (LS-63),287
ASI,113,ASI OTHER - NET (LS-50),288
VAN,237,BUILDERS (LS-61),289
VAN,238,CARGO CONTROL (LS-60),290
VAN,239,CHAIN (LS-60),291
VAN,240,HARDWARE (LS-60),292
VAN,241,HOISTS (LS-60),293
VAN,242,POLY SLINGS (LS-60),294
VAN,243,ROPES&CABLES (LS-66),295
MAP,244,MAPLE LEAF POPULAR PROD(LS-60),296
MAP,245,MAP OTHER PRODUCTS (PPA) LS-40,297
UCA,247,LV LOADS (LS-70),298
UCA,248,LV TOOL & PARTS (LS-70),299
UCA,249,OTHER TOOLS AND STUFF (LS-70),300
UCA,250,SCREWDRIVING ACCESSOR (LS-70),301
UCA,251,"FLO-ROCK TOOL,ACCESSOR (LS-70)",302
UCA,252,"FLO-ROCK,CRACKFAST ANCH LS-70",303
UCA,253,SCRUIT ANCHORS LS-70,304
UCA,254,LIGHT DUTY ANCHORS LS-70,305
UCA,255,DROP-IN ANCHORS (LS-70),306
UCA,256,SETTING TOOL FOR DROP-IN LS-70,307
UCA,257,MEDIUM DUTY ANCHORS LS-70,308
UCA,258,HEAVY DUTY ANCHORS LS-70,309
UCA,259,SMALL DIAM.WEDGE ANCHORS(LS-70,310
UCA,260,SLEEVE/WEDGE ANCHORS LS-70,311
UCA,261,SDS DRILL BITS (LS-70),312
UCA,262,TEK SCREWS (LS-70),313
UCA,263,SDS MAX DRILL BITS (LS-70),314
UCA,264,SDS OTHER (LS-70),315
UCA,265,"SPECIALTY BITS,CORE,TILE LS-70",316
UCA,266,"DRILL BITS,IDS,IND,JOD,SCB -70",317
UCA,267,ROD COUPLINGS (LS-70),318
UCA,268,LV PINS (LS-70),319
UCA,269,JUGS OF TEK SCREWS (LS-70),320
DYN,270,FIRST AID PRODUCTS  (LS-43),321
DYN,271,FACE/EYE PROTECTION (LS-43),322
DYN,272,RESPIRATOR (LS-43),323
DYN,273,FALL PROTECTION (LS-43),324
DYN,274,HEAD PROTECTION (LS-43),325
DYN,275,HEARING PROTECTION (LS-43),326
DYN,276,TRAFFIC SAFETY CLOTHES (LS-43),327
DYN,9999,OBSOLETE,328
MIL,8888,FREE PROMO ITEM,329
TWI,277,"TOOLWAY ""A"" ITEMS (LS-45)",330
TPI,116,TPI CORP ALL PRODUCTS (LS-35),331
WAL,184,WAL - SAFETY (LS-40),332
LOU,115,LOUSEVILLE LADDERS (LS-31),333
JET,214,SELLSTROM (SP) (LS-31),334
JET,227,DUE NORTH (DN) (LS-26),335
GEN,291,GENIUS TOOLS OTHER (LS-50),336
BIS,122,BISSETT FASTENERS (LS-33),337
UNI,118,UNITED ABRASIVES (LS-55),338
BRS,292,BRASS/BRONZE FST ACTIVE(LS-65),339
BRS,293,BRASS/BRONZE FST.NON-ST LS-40,340
BNG,134,BAND N GO (LS-40),341
HER,138,HERBERT WILLIAM-FIRE SAF LS-40,342
MIS,2,HVAC DEPOT (LS-33),343
QUE,146,QUEST BRANDS (LS-33),344
MIS,3,DURO DYNE (BRAK IT) (LS-33),345
THU,151,CONCRETE SLEEVES LS-55,346
BLI,236,COOPER CROUSE (LS-25),347
MIS,4,POLYTARP (LS-38),348
IRP,154,RUBBER PRODUCTS (IRP) (LS-50),349
POP,162,POPE PRODUCTS (LS-43),350
DIX,166,DIXON PRODUCTS (LS-60),351
SPA,169,SPAE-NAUR PRODUCTS (LS-37),352
SUM,154,"EQUIPMENT- BENDING,PULL (VL)",353
MAG,288,MAG - POWER TOOLS (LS-25),354
MAG,289,MAG - BLADES (LS-25),355
NUC,286,SEILICONE/SEAL AND OTH LS-54,356
NUC,287,FIRESTOPPING PRODUCTS LS-54,357
VIS,192,VISTA ELECTRIC (LS-43),358
TAP,343,KELLY GREY DUCT TAPE (LS-60),359
TAP,344,KELLY MASKING TAPE (LS-60),360
TAP,345,"FILAMENT,PKG, MIS TAPE (LS-50)",361
TAP,346,COLOURED DUCT TAPE (LS-60),362
TAP,347,BLACK ELECTRICAL TAPE (LS-60),363
TAP,348,COLOURED ELECTR TAPE (LS-60),364
TAP,349,TUCK TAPE (LS-35),365
SFS,285,SURFACE SHIELD(GARLAND) LS-30,366
TRE,280,CAULKING PRODUCTS (LS-57),367
TRE,281,FIRESTOP PRODUCTS (LS-57),368
MMM,337,ABRASIVES (LS-40),369
MMM,338,ADHESIVES (LS-40),370
MMM,339,BUILDG MATERIAL/FIRESTOP(LS-40,371
MMM,340,SAFETY (LS-40),372
MMM,341,TAPES (LS-40),373
MMM,342,MIX OTHERS (LS-40),374
DJB,284,DELTA JOBBOXES (LS-62),375
LAT,283,LATOPLAST  (LS-40),376
SHR,282,SHRADER CANADA (TITAN) (LS-50),377
EXT,345,EXTENSION CORDS (LS-32),378
EFC,346,EFCOM JOB BOXES (LS-25),379
NES,347,RGHIN (LS-43),380
NES,348,CONDUIT BODIES (CONBOD) LS-35,381
NES,349,EXPLOSION PROOF(XPLSN) (LS-31),382
NES,350,WEATHERPROOF (WTHRPRF) LS-31,383
NES,351,SIGNALING  (LS-31),384
NES,352,PVC CONDUIT(PVC.DBII.ENT)LS-40,385
ULI,353,ULINE PRODUCTS (LS-33),386
ITO,354,ITOOLCO (LS-33),387
RCK,355,RACK-A-TIERS PRODUCT (LS-30),388
SCN,356,SCN INDUSTRIAL (LS-25),389
TOR,357,TORONTO SALT (LS-50),390
GFT,358,MASTER-OATEY(G.F.THOMPS) LS-45,391
DEW,360,ACCESSORIES (POWER TOOL) LS-41,392
DEW,361,CORDED/ELECT(POW TOOL) LS-41,393
DEW,362,"FASTENERS(NAILS,STAPLES) LS-41",394
DEW,363,PNEUMATIC (POWER TOOL) LS-41,395
DEW,364,CORDLESS/8-12V(POW TOOL) LS-41,396
DEW,365,CORDLESS/20V (POW TOOL) LS-41,397
DEW,366,CORDLESS/FLEXVOLT (POWER)LS-41,398
DEW,367,LASER LEVELS (LS-41),399
DEW,368,HAND TOOLS (LS-41),400
DEG,395,BELTS-KNEEPADS (LS-50),401
DEG,396,EYE PROTECTION (LS-50),402
DEG,397,FACE PROTECTION (LS-50),403
DEG,398,FALL ARREST PRODUCTS (LS-50),404
DEG,399,HAND PROTECTION (LS-50),405
DEG,400,HEARING PROTECTION  (LS-50),406
DEG,401,HI-VISIBILITY WORKWEAR (LS-50),407
DEG,402,PROTECTIVE CLOTHING  (LS-50),408
DEG,403,RESPIRATORY PROTECTION (LS-50),409
DEG,404,SKIN PROTECTION (LS-50),410
DEG,405,WELDING (LS-50),411
KUN,413,KUNY'S PRODUCTS (LS-36),412
TAY,105,STRUT FITTINGS LS-55,413
AIM,105,AIMCO SWIVEL RING HANGER(LS-60,414
TWI,278,TOOLWAY - PPA  (LS-47),415
BEL,414,BEL PRODUCTS (LS-25),416
SLI,415,SLINGTECH-CHAIN SLINGS LS-35,417
SLI,416,SLINGTECH-MISC.PRODUCTS LS-35,418
SLI,417,SLINGTECH-WIRE ROPE SLING S-60,419
SLI,418,SLINGTECH-NYLON SLINGS LS-60,420
IDW,419,IDW ALL PRODUCTS,421
IDW,420,TARPS (LS-50),422
IDW,421,GEAR CLAMPS  (LS-50),423
IDW,422,STEP BITS  (LS-50),424
IDW,424,JOBSITE STORAGE/EQUIPMEN LS-43,425
IDW,425,"CHEMIC,LUBRICANTS&CLEAN LS-52",426
IDW,426,HAND TOOLS (LS-68),427
IDW,427,SLINGS & ACCESSORIES (LS-71),428
IDW,428,SHOWELS/PICKS/RACKES (LS-50),429
IDW,429,MISCELLANEOUS (LS-50),430
FOR,7777,LOCKED GM% CODE,431
MIS,5,DAHL VALVE (LS-41),432
NOR,431,EYE AND FACE (LS-49),433
NOR,432,FALL PROTECTION (LS-39),434
NOR,433,FIRST AID (LS-37),435
NOR,434,HAND PROTECTION (LS-48),436
NOR,435,HEAD PROTECTION (LS-42),437
NOR,436,HEARING PROTECTION (LS-50),438
NOR,437,LOCK-OUT-TAG-OUT (LS-45),439
NOR,438,PROTECTIVE CLOTHING (LS-45),440
NOR,439,RESPIRATORY PROTECTION (LS-35),441
NOR,440,TRAFFIC SAFETY (LS-45),442
RID,412,"VACUUMS/POWER TOOL(LC,HV)LS-35",443
SMC,441,SMART BOX CANADA (LS-47),444
MOR,442,HOLESAWS (LS-65),445
MOR,443,BANDSAW BLADES (LS-70),446
MOR,444,JIGSAW BLADES (LS-76),447
MOR,445,CIRC SAW BLADES (LS-66),448
MOR,446,SAWZALL BLADES (LS-76),449
MOR,447,FLAT BORING/STEP BIT (LS-70),450
MOR,448,HACKSAW BLADES (LS-75),451
MOR,449,AUGER BITS (LS-65),452
MOR,450,HAND SAWS (LS-70),453
MOR,451,METAL DEVIL SAWS (LS-65),454
MOR,452,MHS HOLESAWS (LS-70),455
DIA,456,DIAMOND BITS (LS-75),456
DIA,457,BLADES (LS-70),457
DIA,458,EQUIPMENT (LS-36),458
JAN,459,JAN-MAR PRODUCTS (LS-33),459
CAD,314,"CD CLIPS, TSGB (LS-50)",460
TST,460,STRUT FITTINGS (LS-35),461
BES,461,BESSEY TOOLS (LS-35),462
DEW,369,TOOLING ACCESSORIES (LS-41),463
DEW,370,SDS MAX & SPLINE (LS-41),464
DEW,371,SDS CARBIDE BITS (LS-41),465
DEW,372,LINEAR EDGE (LS-41),466
DEW,373,FASTENING ACCES(POW TOOL)LS-41,467
MCS,462,ALL PRODUCTS (LS-40),468
PTL,463,PIPE TOOL (LS-32),469
ITS,464,IMPACT TOOL (LS-50),470
LOC,465,HENKEL LOCTITE (LS-50),471
BEN,377,CAULKING GUNS (LS-50),472
BEN,378,TARPS (LS-50),473
BEN,379,BENNETT TOOLS (LS-75),474
ENV,173,ENVIROFLEX PRODUCTS (LS-30),475
IRW,380,IRWING - DEWALT (LS-41),476
POR,381,PORTER - DEWALT (LS-30),477
LNX,382,LINUX - DEWALT (LS-41),478
STA,383,STANLY - DEWALT (LS-44),479
TWD,466,TORCH KITS/WELDING SCREENS(-50,480
TWD,467,OTHER WELDING PRODUCTS (LS-50),481
DUL,468,DULUX FIRE RATED (LS-30),482
DUL,469,DULUX ALL OTHERS (LS-30),483
COM,393,COMPOSE MEDIA (LS-52),484
SST,391,TOP SELLERS (LS-45),485
SST,392,SST - PPA (LS-45),486
POW,470,ADHESIVE (LS-65),487
POW,471,CORDLESS CONCR NAILER (LS-65),488
POW,472,DEWALT HANGERMATE (LS-65),489
POW,473,ELCO FLEX (LS-65),490
POW,474,ELCO FAB-LOK (LS-65),491
POW,475,GAS FASTENING (LS-65),492
POW,476,LIGHT DUTY ANCHORS (LS-65),493
POW,477,POWDER ACUTATED (LS-65),494
POW,478,ROOFING (LS-65),495
POW,479,WOOD KNOCKERS (LS-65),496
SPI,390,SPILL KITS (LS-36),497
UCA,245,SST WEDGE ANCHORS (LS-70),498
UCA,246,LARGE DIAM.WEDGE ANCHORS(LS-70,499
LAC,388,ALL OTHERS (PPA)(LS-54),500
LAC,389,VALVE MARKERS (LS-54),501
POW,480,ULTRACON/TAPPER (LS-64),502
UCA,270,BULK TEKS HIGH VOL (LS-70),503
NUC,284,FOAM PRODUCTS (LS-54),504
NUC,285,HIGH VOLUME SILICONES LS-54,505
POW,481,DRILL FLEX SCREWS (LS-65),506
POW,482,WEDGE BOLT ANCH/SCREW (LS-65),507
POW,483,POWER BOLT SLEEVE ANCH (LS-65),508
POW,484,ANCHORING ACCESSORIES (LS-65),509
POW,485,BOLT/SHIELD ANCHORS (LS-70),510
POW,486,NAILIN ANCHORS (LS-70),511
POW,487,POWER STUD HD ANCHORS (LS-70),512
POW,488,DROPIN ANCHORS (LS-63),513
BAI,455,"LATHERS CHAN,PENCIL ROD(LS-62)",514
FRE,387,FREUD CUTT PRODUCT (PPA) LS-33,515
FRN,386,FERNO CANADA PROD (PPA) LS-33,516
MIL,510,GENERAL ACCESSORIES (LS-55),517
MIL,516,BATTERIES & CHARGERS (LS-57),518
MIL,520,MX FUEL TOOLS (LS-57),519
MIL,517,TESTERS (LS-57),520
MIL,511,ELECTRICAL ACCESSORIES (LS-55),521
MIL,525,APPAREL (LS-55),522
MIL,518,LASERS (LS-57),523
MIL,512,SDS/SDS-MAX/SPLINE (LS-55),524
MIL,519,SITE LIGHTING (LS-57),525
MIL,523,MATERIAL HANDLING (LS-57),526
MIL,522,POWER TOOLS (LS-57),527
MIL,526,SERVICE PARTS (LS-25),528
MIL,513,HOLESAWS/BAND/RECIP (LS-55),529
MIL,514,HAND TOOLS (LS-55),530
MIL,515,ELECTRICAL TOOLS (LS-55),531
MIL,524,PACKOUT STORAGE (LS-55),532
MIL,521,M CORDLESS (LS-57),533
FLU,385,FLUKE PRODUCTS (LS-25),534
MIS,6,CONCORD ROPES (LS-36),535
GEN,290,WRENCHES (LS-40),536
WPC,232,KNAACK (LS-20),537
MMM,343,3M SPECIALS (LS-60),538
SPT,596,STIHL PRODUCT POPULAR (LS-28),539
SPT,597,STIHL OTHER PPA (LS-28),540
ENG,570,BATTERIES (LS-60),541
DIA,459,ACCESSORIES (LS-33),542
WAL,185,"CLEANING, JAN/SAN (LS-52)",543
MIS,7,VELCRO CANADA (LS-42),544
WAL,186,AF MIXED (LS-30),545
CAD,315,RT SUPPORTS 60+ (LS-50),546
UPW,593,HAND TOOLS (LS-61),547
UPW,594,HSS CUTTING TOOLS (LS-83),548
PPE,531,WOLF PEAK INTERNATIONAL LS-33,549
DYN,277,HAND PROTECTION (LS-43),550
DYN,278,CUSTOM MADE PRODUCTS (LS-33),551
REL,598,RELTON CARBIDE (LS-27),552
ATG,540,CAMPBELL (LS-61),553
ATG,541,CRESCENT (LS-56),554
ATG,542,GEARWRENCH (LS-58),555
ATG,543,HK PORTER (LS-58),556
ATG,544,LUFKIN (LS-56),557
ATG,545,NICHOLSON (LS-56),558
ATG,546,WELLER (LS-23)(S-61),559
ATG,547,WISS PRODUCTS (LS-56),560
ATG,548,XCELITE (LS-23)(S-61),561
CRM,290,CROWN-MEAKINS (LS-65),562
PPE,7777,LOW MARGIN %,563
VUL,330,VULSAY IND (LS-43),564
POW,489,SMART ACCESSORIES (LS-70),565
POW,490,SMART ANCHORS (LS-61),566
FUL,331,FULLER METRIC PRODUCTS LS-40,567
BOS,491,POWER TOOLS (BI) (LS-55),568
BOS,492,ACCESSORIES (AC) (LS-55),569
BOS,493,MEASURING (LS-55),570
BOS,494,DREMEL/DREMEL AC (LS-55),571
BOS,495,ROTOZIP (LS-55),572
RAL,332,RALSTON CANADA (LS-35),573
KLE,333,KLEIN PRODUCTS (LS-36),574
SIB,334,SNAP-ON TOOLS (LS-25),575
BCN,335,BUCHANAN FITTINGS (LS-50),576
AGO,496,AGO SAFETY CLOTHES (LS-27),577
AGO,497,AGO WELDING ACCESSORIES LS-27,578
CCT,498,CHAMPION CUTING-HOLESAWS(LS-60,579
CCT,499,CHAMPION CUTTINGS-BITS(LS-60),580
SIM,500,MECHANICAL ANCHORS (LS-53),581
SIM,501,CONNECTORS (LS-53),582
SIM,502,FASTENERS (LS-53),583
LTR,199,LINESTAR (PPA) (LS-35),584
MAL,214,MALCO (LS-41),585
CAP,505,OTHER MIX (LS-40),586
PIC,341,PICQUIC TOOLS (LS-45),587
SWR,549,EQUIPMENT & PARTS (LS-39),588
SWR,550,EXTENSION CORDS (LS-39),589
SWR,551,GFCI & YELLOW JACKET (LS-39),590
SWR,552,HAND TOOLS & METERS (LS-39),591
SWR,553,"SURGE,AUTO,HOME CONTROL LS-39",592
SWR,554,TEMP LIGHTING (LS-39),593
SWR,555,TEMP POWER  (LS-39),594
SWR,556,EMT/PVC (LS-39),595
ATP,185,POPULAR ITEMS (LS-33),596
MIL,527,PPE (LS-55),597
TRI,384,TRICELL PRODUCTS (LS-47),598
KNP,294,KNIPEX TOOLS (LS-55),599
TTD,295,TRIUMPH - HSS BITS (LS-58),600
TTD,296,TRIUMPH - TAPS & DIES  (LS-62),601
FOR,279,FORDIS PRODUCTS (LS-41),602
AVD,297,HAND RIVET TOOLS (LS-33),603
AVD,298,BLIND RIVETS (LS-60),604
MIS,8,ITM INSTRUMENTS (PPA) (LS-33),605
MIS,9,CABLE TIES AND MORE (LS-28),606
NAT,532,POPULAR ROD (LS-83),607
NAT,533,HDG ROD (LS-85),608
NAT,534,OTHER ROD PPA (LS-40),609
GFT,359,OTHER PROD (LS-35),610
SUP,118,SPECIALS (LS-45),611
ROY,299,ROYAL BUILDING PROD PPA (LS-35,612
IES,394,INDEPENDENT ELECTRIC (LS-25),613
FHI,343,WATER (FHI-LS-42)(SABRE-LS-20),614
WAS,453,"""A"" ITEMS WASIP (LS-54)",615
WAS,454,WASIP PPA (LS-44),616
DOR,688,PRAMET(LS-70),617
FLE,201,SPECIALS (LS-58),618
FAS,613,RH SKT WOOD SCREWS (LS-70),619
FAS,614,FH SKT WOOD SCREWS BULK LS-70,620
FAS,615,FH SKT WOOD SCREWS PKGD LS-70,621
FAS,616,MISC LO-ROOT/DECK SCR/CONS -70,622
FAS,617,"TYPE ""A"" SCREWS (LS-70)",623
FAS,618,"PAN SKT ""A"" SCREWS (LS-70)",624
FAS,619,MACHINE SCREWS (LS-70),625
FAS,620,FH JAR/BULK MISC PRODUCT LS-70,626
FAS,621,DRYWALL SCREWS (LS-70),627
FAS,622,TEK SCREWS/SELF-DRILL (LS-70),628
FAS,623,THREADED ROD (LS-40),629
FAS,624,PLASTIC ANCHORS (LS-70),630
FAS,625,MISC NUTS & FASTENERS (LS-50),631
FAS,626,FLAT WASHERS PKGD (LS-70),632
FAS,627,FLAT/LOCK WASHERS BULK (LS-70),633
FAS,628,LOCK/SAE/CUP WASHER PKGD LS-70,634
FAS,629,FENDER WASHERS (LS-70),635
FAS,630,HEX NUTS PKGD (LS-70),636
FAS,631,HEX NUTS BULK (LS-70),637
FAS,632,NYLON INSERT LOCKNUTS (LS-70),638
FAS,633,"HH,WING,ACORN,MACH NUTS LS-70",639
FAS,634,FLANGE NUTS (LS-70),640
MIS,10,JUSTRAM EQUIPMENT (LS-32),641
WIL,336,BRENNAN MACHINERY (LS-32),642
PAI,344,PAINT (LS-40),643
PAU,308,PAULIN & CO. (LS-40),644
KES,307,KESON LEVELS (LS-45),645
FAS,635,"HDG NUT,LW,WASHER+OTHER LS-70",646
FAS,636,LAG BOLTS (NO HDG) (LS-70),647
FAS,637,CARRIAGE/FLANGE BOLT (LS-70),648
FAS,639,"ALL HDG CAP SCR/BOLT LB,CB -70",649
FAS,640,METRIC FASTENERS (LS-50),650
IMS,301,IND. MECH. SERVICES (LS-33),651
FAS,641,GR2 CAP SCREWS (LS-40),652
FAS,642,GR5 CAP SCREWS (LS-70),653
FAS,643,GR8 SCREWS (LS-70),654
FAS,638,"STRUCT PROD(A325,563,436)LS-70",655
LLL,302,LLOYDS LABORATORIES (PPA)LS-45,656
FCI,304,BURNDY/FCI CANADA (PPA) LS-33,657
HUB,303,HUBBELL CANADA (PPA) (LS-50),658
KLR,305,KLINGSPOR INC (LS-44),659
MDS,306,MASTER DISTRIBUTION (LS-35),660
MIS,1,CAPS'N PLUGS (LS-33),661
WBT,192,TRIM-TEX (LS-35),662
MIS,11,DYNALINE INDUSTRIES (PPA)LS-33,663
GBR,430,GRABBER CONSTRUCTION LS-38,664
MIS,12,SOL DRIVE ENTERPRISES (LS-25),665
MIS,13,GLOBAL INDUSTRIAL (LS-33),666
MIS,14,KERRY INDSUTRIAL SUPPLIE LS-33,667
MIS,15,METAL SUPERMARKET VAUGHN LS-36,668
DEN,557,EYE PROTECTION (LS-50),669
DEN,558,HEARING (LS-50),670
DEN,559,HEAD PROTECTION (LS-50),671
DEN,560,RESPIRATORY (LS-50),672
DEN,561,FALL PROTECTION (LS-50),673
DEN,562,FIRST AID (FIRST AID) (LS-50),674
DEN,563,REHYDRATION+SUNSCREEN (LS-50),675
DEN,564,MISC (LS-50),676
DEW,374,DEWALT PARTS (LS-25),677
REP,9999,REPAIR,678
KID,504,FUEL/OIL (LS-40),679
AIS,503,AIM SOLDER (LS-40),680
CLE,506,RAGS (LS-60) (S+33),681
CLE,507,CLEANING SUPPLIES (LS-60),682
CLE,508,"BROOMS,MOP&ACCESSORIES (LS-60)",683
SUR,316,K1 GEROLINE PRODUCTS (LS-33),684
DEW,375,ABRASIVES (LS-41),685
DEW,376,STORAGE PRODUCTS (MIX) LS-41,686
SIG,535,SIGNET TOOL (LS-35),687
DOB,536,DOBCO - PPA (LS-33),688
LEL,537,LELAND IND (PPA) (LS-40),689
LIN,538,LINDE SAFETY PRODUCTS (LS-25),690
STE,539,STELFAST FASTENERS (LS-45),691
ENG,571,LIGHTING (LS-50),692
BBH,565,POPULAR PROD(LS-60),693
BRB,572,BRABER PRODUCTS (LS-45),694
BBH,566,OTHER PRODUCTS (PPA) (LS-40),695
ADT,573,ALLDEC ARMSON (LS-46),696
AER,574,AERVOE WILLIAMS INDUSTR LS-35,697
AGF,575,ATLAS GRAHAM IND (LS-42),698
MCR,650,MCR SAFETY (LS-42),699
HPS,640,HYBRID POWER SOLUTIONS (LS-33),700
HTF,641,"HOSE, TUBES, FITTINGS (LS-50)",701
HYG,642,HYGIENE (LS-36),702
JBC,644,JOHN BROOKS CO (LS-30),703
KLF,646,KLEEN FLO,704
KMS,647,KMS TOOLS & EQUIPMENT (LS-15),705
KPS,648,KING PRINTING & SIGNS (LS-45),706
MEG,651,MEGA TOOLS (LS-39),707
MGC,652,MG CHEMICALS (LS-39),708
MSC,653,MODERN SALES CO (LS-44),709
PAX,660,PAXTON INDUSTRIES LTD LS-41,710
PEL,662,PELICAN PRODUCTS LS-40,711
PHS,663,POMAR HARDWARE&SUPPLY LS-35,712
PYR,667,PYRAMEX SAFETY PRODUCTS LS-30,713
RBL,668,RINGBALL CORP (LS-50),714
SIA,672,SIA ABRASIIFS (LS-38),715
SKN,673,SIMMONS KNIFE & SAW (LS-40),716
TOT,674,TOTAL TOOLS (LS-40),717
TTS,676,TASK TOOLS (LS-35),718
UNA,677,UNEEDA ENTERPRIZES (LS-46),719
VSM,678,VSM ABRASIVES CANADA (LS-28),720
WLM,680,THE WILLIAM BROTHER CORP LS-30,721
WPP,681,WESTPAC PAPER (LS-30),722
XXX,683,DISCONTINUED CODES,723
