VENDOR,PRDLIN,LINSCE,id
7000279,ALG,ALGOOD CASTERS,1
7000104,AVD,RIVIT TOOLS AND RIVITS,2
7000001,BAI,BAILY METAL PRODUCTS,3
7000159,BCN,BUCHANAN RUBBER,4
7000108,BEN,BENNETT TOOL,5
7000006,BOS,BOSCH,6
7000104,BRI,BRIGHTON BEST,7
7000363,BRS,BRASS/BRONZE FASTENERS,8
7000016,CAD,CADDY & ERICO,9
7000255,CLY,CLYDE INDUSTRIAL EQUIPMENT,10
7000004,DEW,DEWALT,11
7000111,DIA,DIAMOND PRODUCTS,12
7000343,DUC,DUCTMATE PRODUCT,13
7000281,EFC,KELLY JOB BOXES,14
7000260,EXT,KELLY EXTENSION CORDS,15
7000174,FAI,FAIRVIEW FITTINGS,16
7000136,FAS,FASTENERS & FITTINGS,17
7000044,FEA,FEATHERLITE LADDERS,18
7000084,FLE,FLEXOVITE ABRASIVES,19
7000494,GAR,GARANT,20
7000087,GFT,G F THOMPSON,21
7000019,GRA,GRAY TOOL,22
7000182,HEL,HELLERMANNTYTON,23
7000378,HIT,HITACHI TOOL,24
7000025,IDI,IDEAL PRODUCTS,25
7000151,INF,INFASCO PRODUCTS,26
7000540,INS,INSERT BITS & DRIVERS,27
7000004,IRW,IRWIN PRODUCTS,28
7000107,ITW,ITW PRODUCTS,29
7000033,JET,JET TOOL,30
7100380,KET,KETT ACCESSORIES,31
7100200,KLE,KLEIN TOOLS,32
7000453,LIG,LIGHTING PRODUCTS,33
7000004,LNX,LENOX TOOL,34
7000163,LOC,LOCTITE,35
7000419,LUG,LUG-ALL HOISTS,36
7000030,MAK,MAKITA,37
7000029,MAR,MARRETTES,38
7000031,MAS,MASTER LOCK,39
7000247,MET,METABO,40
7000028,MIL,MILWAUKEE TOOL,41
6000000,MIS,MISCELLANEOUS,42
7300190,MOR,MORSE CARBIDE HOLESAWS,43
7000484,NAT,KELLY THREADED ROD,44
7000197,NOR,NORTH SAFETY,45
7000036,NUC,ENERFOAM PRODUCTS,46
7300339,OLF,OLFA PRODUCTS,47
7000195,PAI,PAINT,48
7000004,POR,PORTER CABLE,49
7000042,POW,POWERS FASTENERS,50
7000324,RAL,RALSTON CANADA,51
7000095,RAP,RAPTOR CUTTING TOOLS,52
7100229,REL,RELTON PRODUCTS,53
7300372,RID,RIDGID TOOL,54
7000045,SAS,SASCO STRUT & STRUT ACCES.,55
7000076,SCA,ERECTOFAST SCAFFOLDS,56
7000483,SLI,SLINGS,57
7000363,SST,STAINLESS STEEL FASTENERS,58
7000004,STA,STANLEY HAND TOOLS,59
7100201,STB,STABILA LEVELS & LASERS,60
7000364,STD,STAR DIAMOND BLADES/BITS,61
7300294,STI,SPECIFIED TECHNOLOGIES INC.,62
7000154,SUM,SUMNER PRODUCTS,63
7000452,TAP,TAPE,64
7000432,TAY,TAYLOR PIPE SUPPORTS,65
7000437,TEC,TECHSPAN PRODUCTS,66
7000086,TEX,TEXT CODES,67
7000392,TRA,TRANS CONT. DUCT SEAL,68
7000433,TRE,TREMCO CAULKING PRODUCTS,69
7000426,TRI,KELLY FLASHLIGHTS & BATTERIES,70
7000053,TUR,KELLY FIXTURE CHAIN & HOOKS,71
7000109,TYR,TYROLIT ABRASIVES,72
7000003,UCA,U CAN,73
7000439,UNI,UNITED ABRASIVES,74
7000524,VAN,"REBAR, TIE WIRE AND WIRE ROPE",75
7000057,WAL,WALTER PRODUCTS,76
7000149,WAS,WASIP CLOTHING,77
7000447,WOO,WOODHEAD PRODUCTS,78
6000000,XXX,SABRE TRANSFER SKUS,79
7000531,YOU,YOUNGSTOWN GLOVES,80
7000234,CLE,CLEANING SUPPLIES-MORGAN SCOTT,81
7000175,ATP,ALLIED THREADED PRODUCTS,82
7000453,IES,INDEPENDENT ELECTRIC SUPPLY,83
6000032,REP,REPAIR DEPARTMENT,84
7000328,FUL,FULLER METRIC PRODUCTS,85
7000448,SPA,SPAE-NAUR THREADED PRODUCTS,86
7000156,HOL,HOLLAND IMPORTS,87
6000008,KID,R. KIDD FUELS,88
6000308,HOM,HOME DEPOT,89
7300281,RUS,RUST-OLEUM PAINT PROD'S,90
7100170,MMM,3M,91
7000368,STE,STELFAST PRODUCTS,92
7000240,CAN,CANWAY MATERIAL HANDLING,93
7000160,SIG,SIGNET TOOLS,94
7000528,PAU,H. PAULIN FASTENERS,95
7000081,BLI,B-LINE PRODUCTS,96
7000112,CEH,CANADA EUROPE HARDWARE,97
7000177,ACU,ACUDOR ACORN,98
7300153,AKR,AKRO MILLS CANADA,99
7300397,NRA,NORTON ABRASIVE PRODUCTS,100
7100630,FCI,BURNDY/FCI CANADA,101
7300143,SPI,SPILKLEEN PRODUCTS,102
7000032,MDS,MASTER DISTRIBUTION SERVICES,103
7000026,SIM,SIMPSON STRONG TIE,104
7000068,BES,BESSEY TOOLS,105
7100020,SCN,SCN INDUSTRIAL INC.,106
7000141,UPW,UPWARD TOOL GROUP,107
7100170,CAP,CAPITAL SAFETY GROUP,108
7000197,ADO,ADOX/OKI BERING INC,109
7000205,SET,SETON CANADA,110
7000273,KUN,KUNY'S,111
7000357,MIF,MIFAB MANUFACTURING,112
7000388,HEN,HENRY'S THREADING,113
7000411,LAT,LATOPLAST LTD,114
7000414,LEL,LELAND INDUSTRIES,115
7000458,STO,METRIC STORAGE,116
7000581,DEG,DEGIL SAFETY,117
7000476,MUE,MUELLER FLOW CONTROL,118
7000103,PRI,PRIMELINE TOOLS,119
7000064,DOB,DOBCO EQUIPMENT,120
7000098,BAR,BAR-BEN HARDWARE,121
7000116,NCA,NATIONAL CONCRETE ACCESSORIES,122
7000169,SEC,SECURITY HOUSE,123
7000176,PRA,PRAXAIR DISTRIBUTION,124
7000231,LIN,LINEMAN'S TESTING LAB,125
7000249,TOO,TOOLS DIRECT,126
7000254,CRI,CRISPO CANADA INC,127
7000259,ENV,ENVIROFLEX INTERNATIONAL,128
7000262,CEN,CENTURY TOOLS & MACHINERY,129
7000272,SOW,SOWA TOOL & MACHINE,130
7000282,KAR,KAR INDUSTRIAL LTD,131
7000329,FRE,FREUD,132
7000377,HER,HERBERT WILLIAMS FIRE EQUIPMEN,133
7100393,QUA,QUALTOOL INC,134
7000381,WIL,WILLIAM H. BRENNAN CO. LTD,135
7000396,TWS,T.W.S TIRES SERVICE INC,136
7000412,LEN,LENBROOK,137
7000415,INT,INTRALEC ELECTRICAL PRODUCTS,138
7000014,DIX,DIXON TICONDEROGA,139
7000416,LAC,LA-CO INDUSTRIES,140
7000420,LYN,LYNCAR PRODUCTS,141
7000429,KBC,KBC TOOLS,142
7000450,MAB,MABOR INDUSTRIAL,143
7000523,WER,WERA TOOLS,144
7000165,KIN,KING CANADA TOOLS,145
7000226,SUP,SUPERIOR GLOVES,146
7000088,POP,POPE LTD.,147
7000609,REE,REED MANUFACTURING COMPANY,148
7100359,WEI,WEILER CORPORATION,149
7000233,LND,LINDE CANADA LTD    T4070,150
7100402,GRI,GRIPPLE CANADA,151
7300372,GRN,GREENLEE CND,152
7100376,JAN,JAN-MAR,153
7000154,COL,COLEMAN CABLE CANADA,154
7000154,SWR,SOUTHWIRE TOOL PRODUCTS,155
7000441,GRM,GRIME EATER,156
7100516,REC,RECTORSEAL,157
7000319,CDX,CENDREX ACCESS DOORS,158
7300170,ARL,ARLINGTON INDUSTRIES INC,159
7000595,ABU,ABUS CANADA LOCKS,160
7100999,DYN,DYNAMIC SAFETY INT'L,161
7100630,HUB,HUBBELL CANADA,162
7000028,EMP,EMPIRE LEVEL MFG CORP.,163
7000012,DJB,DELTA JOB BOXES,164
7100628,BUL,BULLARD ABRASIVES,165
7100671,NES,NESCO,166
7300455,SWP,SHERWIN WILLIAMS PRODUCTS,167
7300072,MRG,MARIGOLD PRODUCTS (GLOVES),168
7000057,TTD,TRIUMPH TWIST DRILL,169
7200081,MCT,MORSE/MARXMAN CUTTING TOOLS,170
7300000,GLB,GLOBAL XPRESS,171
7300019,CNC,CANADIAN CINCH CLAMPS,172
7000044,LOU,LOUISVILLE LADDERS,173
7300232,WIR,PRIORITY WIRE PRODUCTS,174
7000479,CCT,CHAMPION CUTTING TOOLS,175
7300048,SMC,SMART BOX CANADA CORP.,176
7000055,SPT,STIHL POWER TOOLS,177
7000600,AGO,AGO INDUSTRIES INC,178
7100375,ULI,ULINE,179
7300077,IDW,IDI WAREHOUSE,180
7300089,LCK,LACKMOND ABRASIVES,181
7200052,WAT,WATSON GLOVES,182
7300025,SFS,SURFACE SHIELDS,183
7100674,TWI,TOOLWAY INDUSTRIES,184
7300134,WPC,WERNER PRODUCTS CANADA,185
7000057,DCT,DRILLO CUTTING TOOLS,186
6000000,FHI,FASTENINGHOUSE GENERIC BRAND,187
7000285,WBT,WALLBOARD TRIM & TOOL,188
7100505,SNF,STRUT AND FITTINGS,189
7000467,DUL,DULUX PAINTS,190
7000289,TWD,TECHNIWELD,191
7000535,TST,TECHNISTRUT INTERNATIONAL,192
7000023,GEN,GENIUS TOOLS INT'L LTD,193
7000200,VIS,VISTA ELECTRIC,194
7000012,ATG,APEX TOOL CANADA LTD,195
7300160,ITO,ITOOLCO,196
7300119,BLK,BLOK-LOK,197
7300072,ANS,ANSELL,198
7000603,BNG,BAND-N-GO,199
7300167,BEL,BEL PRODUCTS,200
7300169,ROY,ROYAL DISTRIBUTING,201
7000628,IRP,INDUSTRIAL RUBBER LTS,202
7100288,CRY,CRYO-METAL INC,203
7300177,SPL,SPECTRALUME LIGHTING TECH,204
7300180,GAL,GALAXY LIGHTING,205
7300165,SYM,SYMBAN LIGHTING,206
7000100,THU,THUNDERBIRD CRETE SLEEVES,207
7000058,WAI,WATTS CRETE SLEEVES,208
7300214,AZT,AZTEC ELECTRICAL,209
7300193,SIB,SNAP-ON IND. BRANDS,210
7300195,DEN,DENTECH SAFETY,211
7100671,EMT,EMT CONDUIT,212
7000167,MYA,MYATT HANGERS,213
7300205,BRA,BRADY CANADA,214
7300172,NSI,NSI TORK,215
7000407,EVO,EVOLUTION FASTENERS,216
7300271,CRM,CROWN MEAKINS,217
7100505,AIM,AIMCO PRODUCTS,218
7100421,BBS,BERNARDI BUILDING SUPPLIES,219
7300282,NUV,NUVO IRON,220
7000350,TOR,TORONTO SALT & CHEMICAL,221
7300023,VUL,VULSAY INDUSTRIES,222
7300269,TPI,TPI CORPORATION,223
7000127,RCK,RACK-A-TIERS,224
7100313,COM,COMPOSE MEDIA,225
7300299,XCL,XCEL PRODUCTS INC,226
7300273,LTR,LINESTAR UTILITY PRODUCTS,227
7300095,MTP,PRIMO INSTRUMENTS,228
7300305,KES,KESON LEVELS,229
7300242,SHR,SHRADER PRODUCTS,230
7000143,TCM,TEMPCO COM (CHARLES JONES),231
7300323,FRN,FERNO CANADA INC,232
7100673,CRL,CLEARLINE TECHNOLOGIES,233
7300330,GER,GERMIPHENE CORPORATION,234
6000000,HYG,HYGIENE,235
6000000,ESS,ESSENTIAL SUPPLIES,236
6000000,PPE,GENERAL SAFETY ITEMS,237
7300310,FOR,FORDIS,238
6000142,KPS,KING PRINTING & SIGNS,239
7000208,MCS,MCMASTER-CARR SUPPLY,240
7000080,FOO,FOOTPRINT PRODUCTS LIMITED,241
7200011,QUE,QUEST BRANDS INC,242
7300311,MAG,MAG TOOL INC,243
7000090,MAP,MAPLE LEAF ROPES,244
7300121,ASI,AS INDUSTRIAL SUPPLIES,245
7300334,WLM,THE WILLIAMS BROTHERS CORP,246
7300340,SUR,GEROLINE INC,247
7100279,BIS,BISSETT FASTENERS LIMITED,248
7000351,ITS,IMPACT TOOL SOLUTIONS,249
7100521,KNP,KNIPEX TOOLS,250
7000532,PTL,PIPE TOOL REPAIR & SERVICE,251
7300349,FLU,FLUKE,252
7300347,TOT,TOTAL TOOLS,253
7100305,IMS,INDEPENDENT MECHANICAL SUPPLY,254
7000417,LLL,LLOYDS LABORATORIES,255
7300360,MAL,MALCO,256
7300363,PIC,PICQUIC,257
7300369,ISO,HAVEN TECHNOLOGIES (ISOTUNES),258
7100137,GBR,GRABBER CONSTRUCTION PRODUCTS,259
7000280,KLR,KLINGSPOR,260
7000069,ARI,A. RICHARD LTD.,261
7200008,BEP,BE POWER EQUIPMENT,262
7300386,AIS,AIM METALS & ALLOYS LP.,263
7300392,HPS,HYBRID POWER SOLUTIONS,264
7300393,BCI,BLICKLE CANADA INC,265
7000302,BBH,GROUPE BBH,266
7300384,PNA,PLATINUM NORTH AMERICA,267
7300396,MSC,MODERN SALES CO OP,268
7300398,AME,ALLIED MACHINE & ENGINEERING,269
7300404,AGF,ATLAS GRAHAM INDUSTRIES CO LTD,270
7300401,WPP,WESTPAC PAPER,271
7300402,SDV,SANDVIK CANADA INC,272
7300403,CYW,CYCLE WIPERS,273
7300405,ALP,ALPINE PACKAGING LTD,274
7300406,VSM,VSM ABRASIVES CANADA,275
7000047,JBC,JOHN BROOKS CO. LTD. *COD*,276
7300407,MGC,MG CHEMICALS LTD,277
7300408,NHP,NOUR HANDCRAFTED PAINTING TOOL,278
7300410,NLP,NEW LINE PRODUCTS,279
7300412,HJU,HJUKSTROM LIMITED,280
7300413,EBH,EB HORSMAN & SON,281
7300414,PAX,PAXTON INDUSTRIES LTD,282
7300417,CLU,CATALYS LUBRICANTS,283
7000349,PHS,POMAR HARDWARE & SUPPLY *COD*,284
7300416,MCR,MCR SAFETY,285
7300418,SKN,SIMMONS KNIFE & SAW,286
7300419,ASH,ANDREW SHERET LTD,287
7300420,AER,AERVOE WILLIAMS INDUSTRIAL,288
7000052,BDG,BOB DALE GLOVES & IMPORTS LTD,289
7300421,CDT,COAST DISTRIBUTORS,290
7300422,KMS,KMS TOOLS & EQUIPMENT,291
7300425,GPI,GENPACK INDUSTRIES,292
7300497,ADT,ALLDEC ARMSON,293
7300382,CTI,CURRENT TOOLS INC,294
7300395,DOR,PRECISION CANADA|DORMER,295
7300401,ENT,WESTPAC/ENTERPRISE PAPER,296
7300409,HTF,"HOSE, TUBES, FITTINGS",297
7300415,CIM,MILACRON DUBOIS CHEMICALS CANA,298
7300430,KCP,KIMBERLY CLARK,299
7300435,UNA,UNEEDA ENTERPRIZES,300
7300440,KLF,KLEEN FLO,301
7300443,SIA,SIA ABRASIIFS JJS INC,302
7000320,LSS,L.S STARRETT COMPANY,303
7300438,TTS,TASK TOOLS/RICHELIEU,304
7300460,RBL,RINGBALL CORP,305
7000065,DOC,DOCAP CORP,306
7300531,CHA,CHAPIN INTERNATIONAL,307
7300462,PYR,PYRAMEX SAFETY PRODUCTS,308
7300494,MEG,MEGA TOOLS LTD,309
7300482,PEL,PELICAN PRODUCTS,310
7300429,ENG,ENERGIZER CANADA,311
7300561,ARM,ARMORGARD CANADA INC,312
7300563,BRB,BRABER EQUIPMENT,313
7300565,ALC,ALCOT PLASTICS,314
7300564,SOU,SOUDAL CHEMICAL PRODUCTS INC,315
7330457,ACF,ACCUFORM SIGNS,316
7300424,COA,COAST CUTLERY CO,317
7300411,LPS,ITW PRO BRANDS,318
7300566,KCT,SELLCORP SERVICES INC.,319
7300567,DAP,DAP CANADA,320
7300581,CAS,CASTER WORLD,321
7300605,ISC,ISCAR TOOLS INC,322
7300574,REI, RECOCHEM INC,323
