VENDOR,VNAME,VDTYPE,VMTARF,id
7000028,MILWAUKEE ELECTRIC TOOL (CDA),IN,0001,1
7100505,AIMCO INTERNATIONAL GROUP CORP,IN,0001,2
7000045,SASCO TUBES & ROLL FORMING INC,IN,0001,3
6000220,RECEIVER GENERAL-CCRA,EX,0001,4
7000004,BLACK & DECKER CANADA INC.,IN,0001,5
6000122,JIM PATTISON LEASE,EX,0001,6
7000057,WALTER SURFACE TECHNOLOGIES,IN,0001,7
7100170,3M CANADA COMPANY,IN,0001,8
7000003,UCAN FASTENING PRODUCTS,IN,0001,9
7000016,ERICO PRODUCTS INCORPORATED,IN,0001,10
6000000,C.O.D. CANADIAN,EX,0001,11
7300294,SPECIFIED TECHNOLOGIES-CAN,IN,F0.5,12
7300390,1000263843 ONTARIO INC.,IN,0002,13
7100402,GRIPPLE CANADA INC,IN,0001,14
7300602,RBC VISA ACC#5379,AD,0001,15
7300000,GLOBAL XPRESS,IN,0002,16
6000408,160 BASS PRO MILLS INC.,AD,0001,17
7000044,LOUISVILLE LADDER CORP,IN,F005,18
7000432,L.E. TAYLOR ASSOCIATES,IN,0001,19
7000136,FASTENERS & FITTINGS INC,IN,0001,20
7300372,EMERSON PROFESSIONAL TOOLS,IN,F001,21
7100999,PIP CANADA*DYNAMIC*,IN,0001,22
7000154,SOUTHWIRE CANADA COMPANY,IN,0001,23
7000433,TREMCO INC,IN,F4.5,24
7000107,ITW CONTRUCTION PRODUCTS,IN,0001,25
7000104,BRIGHTON-BEST INT'L,IN,0001,26
7300128,BHOGAL METAL WORKS INC.,IN,0001,27
7000033,SUREWERX (JET/PIONEER),IN,0001,28
7000524,VANGUARD STEEL LTD,IN,0001,29
7300600,RBC VISA ACC#0805,AD,0001,30
7000163,HENKEL CANADA CORP,IN,0001,31
7300190,THE M.K MORSE COMPANY(CDN),IN,0001,32
7300601,RBC VISA ACC#0619,AD,0001,33
7300356,RBC VISA CANADIAN -PO,AD,0001,34
6000503,AMEX,AD,0001,35
7300310,FORDIS,IN,F002,36
7008989,CCE RENTALS,EX,0001,37
6000357,MANITOULIN TRANSPORT INC,EX,0001,38
7200052,WATSON GLOVES,IN,0001,39
7300107,MODERN NIAGARA TORONTO INC.,AD,0001,40
7100378,AXXESS INTERNATIONAL INC,EX,0001,41
7200050,1292615 ONTARIO INC,AD,0001,42
7200054,1292614 ONTARIO LIMITED,AD,0001,43
7300209,GLOBAL XPRESS(CDN),IN,0001,44
7000319,CENDREX INC,IN,0001,45
7300561,ARMORGARD CANADA INC,IN,F0.5,46
7300275,GRIP CLINCH CANADA,IN,0001,47
6000097,RECEIVER GENERAL,EX,0001,48
7000226,SUPERIOR GLOVE WORKS LTD,IN,0001,49
7300199,ISM GRID CORP.,EX,0001,50
7200006,PUROLATOR INC.,EX,0001,51
7300439,CROWN PROPERTY MANAGEMENT IN,EX,F001,52
7000025,IDEAL INDUSTRIES CANADA CORP,IN,0001,53
7300999,THE CFO CENTRE LIMITED,EX,0001,54
7100673,CLEARLINE TECHNOLOGIES,IN,0001,55
7300164,MARIA SOROKA,AD,0001,56
7300281,RUST-OLEUM CORPORATION**CAN**,IN,0001,57
7000452,INTERTAPE POLYMER INC,IN,0001,58
6000048,PETTY CASH,EX,0001,59
7300606,DREAM INDUSTRIAL LP,EX,0001,60
7000343,DCL SUPPLY-DUCTMATE,IN,0001,61
7300955,1256528 ONTARIO INC,EX,0001,62
6000423,CAPP ASSOCIATES,EX,0001,63
7300500,12719151 CANADA INC,EX,0001,64
7300395,PRECISION CANADA,IN,F001,65
7000036,NUCO INC.,IN,0001,66
7000197,ORS CANADA (ADOX),IN,F002,67
7100375,ULINE,IN,0001,68
6000168,DOMINIC SERICCHI,AD,0001,69
7100674,TOOLWAY INDUSTRIES,IN,0001,70
6001001,1214446 ONTARIO INC,AD,0001,71
7000581,DEGIL SAFETY PRODUCTS,IN,0001,72
7000363,STAR STAINLESS SCREW LTD,IN,0001,73
7000012,APEX TOOL CANADA LTD,IN,F003,74
7300315,LS BRAND EXPOSURE (A DIVISION,EX,0001,75
7300072,ANSELL,IN,0001,76
7000528,PAULIN & CO. LTD.,IN,0001,77
7000030,MAKITA CANADA INC,IN,F0.5,78
7300419,ANDREW SHERET LTD,IN,F001,79
7300397,SAINT-GOBAIN,IN,F001,80
7300406,VSM ABRASIVES CANADA,IN,F001,81
7300442,ENTERPRISE PAPER,IN,F001,82
7300539,MID-RANGE SOFTWARE SERVICES IN,EX,F001,83
6000120,WORKPLACE SAFETY & INS. BRD,EX,0001,84
7000087,OATEY SUPPLY CHAIN SERVICES,IN,0001,85
7000109,TYROLIT ABRASIVES CANADA CORP,IN,0001,86
7000535,TECHNISTRUT MFG INC,IN,0001,87
7000280,KLINGSPOR INC,IN,0001,88
6000096,RECEIVER GENERAL - CCRA,AD,0001,89
6000103,BELL CANADA,EX,0001,90
7100020,SCN INDUSTRIAL,IN,F003,91
7000169,SECURITY HOUSE,IN,0001,92
7300021,ANVIL INTERNATIONAL CANADA COD,IN,0001,93
7300195,DENTEC SAFETY SPECIALISTS,IN,0001,94
7000175,ALLIED THREADED PRODUCTS INC,IN,0001,95
7300339,OLFA NORTH AMERICA INC.,IN,0001,96
7300121,AS INDUSTRIAL SUPPLIES,IN,0001,97
7000260,CENTURY WIRE AND CABLE CO,IN,0002,98
7300241,ROTEX SUPPLY INC.,IN,0001,99
7000595,ABUS CANADA INC,IN,0001,100
7000026,SIMPSON STRONG-TIE CANADA INC,IN,0001,101
7300193,SNAP-ON TOOLS OF CANADA LTD,IN,0001,102
7000437,TECHSPAN INDUSTRIES INC.,IN,0001,103
7000448,SPAE-NAUR INC,IN,F005,104
7300251,WASTE CONNECTIONS OF CANADA,EX,0001,105
7000090,MAPLE LEAF ROPES,IN,0001,106
7300111,RA IMAGE,EX,0001,107
7000537,SPECIALITY GASKETS INC,IN,0001,108
7300563,BRABER EQUIPMENT LTD,IN,F0.5,109
7100305,INDEPENDENT MECHANICAL SUPPLY,IN,0001,110
7300351,TONI'S PACKAGING SUPPLIES LTD.,EX,0001,111
7300408,NOUR HANDCRAFTED PAINTING TOOL,IN,F001,112
7000076,METALTECH-OMEGA INC.,IN,0001,113
7300376,ESDEE BIT SUPPLY INC,IN,F0.5,114
7300404,ATLAS GRAHAM INDUSTRIES CO LTD,IN,F001,115
7300429,ENERGIZER CANADA,IN,F001,116
7000484,NATIONAL SOCKET SCREW MFG LTD,IN,0001,117
7000289,TECHNIWELD,IN,F002,118
7300205,BRADY CANADA,IN,F001,119
7300394,CANADIAN STAINLESS,IN,F001,120
7300388,THE NUT BOSS/ GDT ENTERPRISES,IN,0002,121
7000575,ABSOLUTE STAINLESS INC,IN,0001,122
7000483,BEN-MOR CABLES INC.,IN,F002,123
7000412,LENBROOK,IN,0001,124
7300250,SOL DRIVE ENTERPRISES LTD,IN,0001,125
7000006,ROBERT BOSCH,IN,0001,126
7100341,MULTISOURCE INC.,IN,0001,127
7300403,CYCLE WIPERS,IN,F001,128
7000302,GROUPE BBH,IN,0001,129
6000044,BRANDON CHAPMAN,EX,0001,130
7000324,RALSTON CANADA,IN,0001,131
7300435,"UNEEDA ENTERPRIZES, INC",IN,0005,132
7000494,GARANT,IN,0001,133
6000142,KING PRINTING & SIGNS,IN,0001,134
7300414,PAXTON INDUSTRIES LTD,IN,F001,135
7300417,CATALYS LUBRICANTS,IN,F001,136
7300393,BLICKLE CANADA INC,IN,F0.5,137
7300295,DORMER PRAMET,IN,0001,138
6000203,ENBRIDGE,AD,0001,139
7000407,EVOLUTION FASTENERS INC.,IN,0001,140
7100222,RI-GO LIFT TRUCK LTD,EX,0001,141
7300392,HYBRID POWER SOLUTIONS,IN,F0.5,142
7300386,AIM METALS & ALLOYS LP.,IN,F002,143
7000151,INFASCO DISTRIBUTION,IN,0001,144
7000349,POMAR HARDWARE & SUPPLY,IN,0001,145
7000368,STELFAST FASTENERS INC,IN,0001,146
7300312,JESSEE SCHAEFER,AD,0001,147
7100398,WESTON FOREST PRODUCTS INC,IN,0001,148
7000055,ONEIDA EQUIPMENT LIMITED,IN,0001,149
7000328,FULLER METRIC PARTS LTD,IN,0001,150
7000031,MASTER LOCK COMPANY,IN,0001,151
7000177,ACUDOR PRODUCTS LTD,IN,0001,152
7000052,BOB DALE GLOVES & IMPORTS LTD,IN,0001,153
7300402,SANDVIK CANADA INC,IN,F001,154
7300037,JASON KLAPOWICH,EX,0001,155
7300413,EB HORSMAN & SON,IN,F001,156
7000628,I.R.P. INDUSTRIAL RUBBER LTD,IN,0001,157
7000416,LA-CO INDUSTRIES INC,IN,0001,158
6000063,SANDY RACANELLI,AD,0001,159
7300436,PANSAVER OVENABLE PAN LINERS,IN,F001,160
7100507,RYAN GROVES,AD,0001,161
7200011,QUEST BRANDS INC.,IN,0001,162
7300444,TBM HOLDCO,IN,0001,163
7000001,BAILEY METAL PRODUCTS,IN,0001,164
7300160,ITOOLCO,IN,0002,165
7000127,RACK-A-TIERS,IN,F002,166
7300401,**DO NOT USE**WESTPAC PAPER,IN,F001,167
7300655,SYED JAY AHMED,EX,0001,168
7300389,SIKA CANADA INC,IN,F0.5,169
7300287,FAATIMA EGBERT,AD,0001,170
7300466,COMMANDER WAREHOUSE,IN,F001,171
7000111,DIAMOND PRODUCTS INC.,IN,0001,172
7100671,NESCO,IN,0001,173
7000118,DURO DYNE CANADA INC (RIZE),IN,F002,174
6000050,JACKIE GAUDETTE -PETTY CASH,AD,0001,175
7100208,OVERHEAD DOOR COMPANY,AD,0001,176
7300334,"WILLIAMS BROTHERS CORP, THE",IN,0001,177
7300427,SPI HEALTH AND SAFETY (COD),IN,F001,178
7005001,ADAM CAINES,AD,0001,179
6000337,ALECTRA UTILITIES,AD,0001,180
7300143,ESP IN CANADA,IN,0001,181
7000068,BESSEY TOOLS LTD,IN,F005,182
7300048,SMART BOX CANADA CORP.,IN,0001,183
7005000,MATT DAVIS,AD,0001,184
7000023,GENIUS TOOLS INT'L LTD.,IN,0001,185
7300420,AERVOE WILLIAMS INDUSTRIAL,IN,0005,186
7300398,ALLIED MACHINE & ENGINEERING,IN,U008,187
7000308,VEGA INDUSTRIES,IN,0001,188
7300083,REVENUE TAX GL22300,AD,0001,189
7000350,TORONTO SALT & CHEMICALS LTD,IN,F012,190
7100421,BERNARDI BUILDING SUPPLY,IN,0001,191
7000108,BENNETT TOOLS & HARDWARE,IN,0001,192
7000240,CANWAY EQUIPMENT MFG INC.,IN,F005,193
7300423,NANTON WATER & SODA,IN,F001,194
7000536,VIBRASYSTEMS INC,IN,0001,195
7300559,"SKUDO USA DISTRIBUTION, LLC",IN,0005,196
7300352,JUSTIN BELL,EX,0001,197
7300438,RICHELIEU HARDWARE CANADA LTD.,IN,F001,198
7000609,REED MANUFACTURING CO,IN,0002,199
7300396,MODERN SALES CO OP,IN,F001,200
7000501,GLOBAL INDUSTRIAL CANADA INC,IN,0001,201
7000181,K2 FASTENERS STAINLESS,IN,0001,202
7300421,COAST DISTRIBUTORS,IN,F001,203
7300360,MALCO,IN,0002,204
7000481,AMCAN JUMAX INC,IN,0001,205
7300353,M2 PROFESSIONAL CLEANING,IN,0001,206
7300524,EECOL ELECTRIC CORP,IN,F001,207
7000014,DIXON TICONDEROGA ART ULC,IN,0001,208
7000420,LYNCAR INC.,IN,0001,209
7000019,GRAY TOOLS CANADA INC.<,IN,0001,210
7000377,HERBERT WILLIAMS FIRE EQUIP.,IN,0001,211
7300062,LOCATOR INDUSTRIES LTD.,IN,0001,212
7000195,J2 PRODUCTS DIV. OF DE SAWILL,IN,0001,213
7000285,WALLBOARD TRIM & TOOL INC,IN,0001,214
7300286,JAN-PRO CLEANING SYSTEMS OF,EX,0001,215
7000273,KUNY'S,IN,0001,216
6000243,MILLENIUM FREIGHTWAYS,EX,0001,217
7000208,MCMASTER-CARR SUPPLY CO,IN,0002,218
7300443,SIA ABRASIIFS JJS INC,IN,F001,219
7200021,WACKER NEUSON,IN,0001,220
7100630,HUBBELL CANADA ULC,IN,0001,221
7000254,CRISPO CANADA INC,IN,0001,222
7300344,RYAN HOUSTON,AD,0001,223
7300377,CURRIE MARITIME CORPORATION,IN,F0.5,224
7300410,NEW LINE PRODUCTS,IN,F001,225
7300273,LINESTAR UTILITY SUPPLY INC,IN,0001,226
6000189,LARRY BRIFFETT,AD,0001,227
7000112,CANADA-EUROPE HARDWARE IMPORT,IN,0001,228
7000093,TECHSTAR PLASTICS,IN,0001,229
7000141,UPWARD TOOL GROUP INC,IN,0001,230
7000081,COOPER B-LINE,IN,0001,231
6000066,RCAP LEASINGTY,AD,0001,232
7000145,PACIFIC FASTENERS (1981) LTD,IN,0001,233
7300407,MG CHEMICALS LTD,IN,F001,234
6000138,CARL WILSON,EX,0001,235
7100279,BISSETT FASTENERS LIMITED,IN,0001,236
7300463,WESTCOAST TOOL,IN,F001,237
7300431,MEDLINE CANADA CORP,IN,F001,238
7000095,RAPTOR CUTTING TOOLS INC.,IN,0001,239
7000329,FREUD,IN,0001,240
7000084,FLEXOVIT CANADA ABRASIVE LTD,IN,0001,241
7100500,BIG MAC TOWING,EX,0001,242
7000069,A. RICHARD LTD.,IN,F004,243
7100206,"GROSMAN, GROSMAN & GALE LLP",EX,0001,244
7300462,PYRAMEX SAFETY PRODUCTS LLC,IN,0005,245
7000149,WASIP LTD,IN,0001,246
7000608,GEORGE POWER TOOL SERVICE INC,IN,0001,247
7300425,GENPACK INDUSTRIES,IN,F001,248
6005042,MARK TRAFFORD,AD,0001,249
6000297,LONDON HYDRO,AD,0001,250
6000129,GRAND & TOY,EX,0001,251
7100215,SUTHERLAND LIFT TRUCK SERVICES,EX,0001,252
7300363,PICQUIC TOOLS CO.,IN,0001,253
7300271,CROWN-MEAKINS INC.,IN,F001,254
6000008,FREW ENERGY,IN,0001,255
6000418,CINTAS,EX,0001,256
7300451,ADVANTAGE MAINTENANCE(PCW),IN,F001,257
7300347,OMC ENTERPRISES INC.,IN,0001,258
7300324,JANI-KING OF SOUTHERN ONT,EX,0001,259
7100137,GRABBER CONSTRUCTION PRODUCTS,IN,0001,260
7300169,WESTLAKE PIPE AN FITTINGS,IN,0001,261
7000603,BAND-N-GO INC,IN,0001,262
7100201,STABILA INC,IN,0001,263
7100224,CANSAFE SAFETY ZONE,IN,0001,264
7000259,ENVIROFLEX INTERNATIONAL,IN,0001,265
7300305,"KESON, LLC",IN,0002,266
7300259,SECURITY ONE ALARM SYSTEMS,EX,0001,267
7300119,BLOK-LOK,IN,0001,268
7300449,COASTAL MOUNTAINS FUELS,IN,0001,269
7300493,CIL/ORION,IN,F001,270
7000441,GRIMEEATER PRODUCTS,IN,0001,271
7300441,ACT EQUIPMENT,IN,F001,272
7300384,PLATINUM NORTH AMERICA,IN,F0.5,273
7100303,BELL DISTRIBUTION,EX,0001,274
7300412,HJUKSTROM LIMITED,IN,F001,275
7100696,PILLAR TAPES (AS OF 05/24/16),IN,0001,276
7000496,DAEMAR INC,IN,0001,277
7200060,CTS CARGO TIE-DOWN SPECIALTY,IN,0001,278
7000032,MASTER DISTRIBUTION SERVICES,IN,0001,279
7100200,KLEIN TOOLS INC,IN,0001,280
7300558,JUDOE INC.,EX,0001,281
6000170,CINTAS,EX,0001,282
7000417,LLOYDS LABORATORIES,IN,0001,283
6000315,HYDRO OTTAWA,EX,0001,284
6000069,APEX MOTOR EXPRESS LTD,AD,0001,285
7300488,PRECISION CRANE,IN,F001,286
7000455,FELTON BRUSHES,IN,0001,287
7100626,CORPORATE EXPRESS#831687,EX,0001,288
7100383,JORDAHL- STUDWELDING DIVISION,IN,0001,289
6000004,LOOMIS COURIER SERVICE,EX,0001,290
7300370,JAMES G ARMOUR & CO LTD,IN,F0.5,291
7300346,UNIMETAL CANADA LTD,IN,0001,292
6000092,ENWIN UTILITIES,AD,0001,293
7300450,CANADIAN STUD WELDING ASS.,IN,F001,294
7200073,NATIONAL CABLE SPECIALISTS,IN,0001,295
7300998,ONE FOR FREIGHT,EX,0001,296
7300161,STINSON EQUIPMENT,IN,0001,297
7000275,DYNALINE INDUSTRIES INC,IN,0001,298
7300481,PICKERING SAFETY,IN,F001,299
7000279,ALGOOD CASTERS LTD,IN,0001,300
7300385,MASCOUTECH INC,IN,F0.5,301
7300504,EUROPEAN SHARPENING,IN,F001,302
7300699,KITCHENER UTILITIES,EX,0001,303
7300505,JAN-PRO OTTAWA (11716301 CAN),EX,0001,304
7300187,COMMPORT COMMUNICATIONS INTL.,EX,0001,305
7100313,COMPOSE MEDIA INC.,IN,0001,306
7300060,JUSTRAM EQUIPMENT INC,IN,0001,307
7000453,INDEPENDENT ELECTRIC SUPPLY,IN,0001,308
7300320,KERRY INDUSTRIAL SUPPLIES,IN,0001,309
7300433,CORDOVA BOLT INC,IN,0005,310
6000261,MCAW,AD,0001,311
7300010,THE BREW CENTRE LTD.,EX,0001,312
7009998,GAMMA SCALE,EX,F001,313
7300268,CINTAS CANADA LIMITED,EX,0001,314
7300214,PROVO LTD,IN,0001,315
7000182,HELLERMANNTYTON,IN,0001,316
7300523,SHIPPERS SUPPLY/SPICERS,IN,F001,317
7100521,KNIPEX TOOLS LP,IN,0001,318
7000121,TRINITEC DISTRIBUTION,IN,0001,319
7300359,AJV TOOLS LTD,IN,0001,320
7301000,VITRAN EXPRESS CANADA INC.,EX,0001,321
7300422,KMS TOOLS & EQUIPMENT,IN,F001,322
7000411,LATOPLAST LTD,IN,0001,323
7300459,THOMAS SKINNER,IN,F001,324
6000054,PETTY CASH-LARRY SEALY,AD,0001,325
7000266,SPILKLEEN A DIV. OF,IN,0001,326
7000439,UNITED ABRASIVES CANADA INC,IN,0001,327
7000467,DULUX PAINTS,IN,0001,328
7300280,REBECCA BOUSFIELD,EX,0001,329
7300503,POLYNOVA INDUSTRIES INC,IN,F001,330
7000103,PRIMELINE TOOLS INC.,IN,0001,331
7300455,SHERWIN WILLIAMS LANGLEY,IN,F001,332
7300368,HERC RENTALS,IN,0001,333
7300058,RBC VISA USD,AD,0002,334
7300448,ROBERTSON INC,IN,F001,335
6000163,MICHAEL CULMONE,AD,0001,336
7300146,ALLIANCE MERCANTILE INC.,IN,0001,337
7000388,HENRY'S THREADING INC,IN,0001,338
7300088,OVATION GROUP INC.,IN,0001,339
7000099,DAHL VALVE LIMITED,IN,0001,340
7300235,APPS CARTAGE INC.,EX,0001,341
7000529,S.B. SIMPSON GROUP *COD*,IN,0001,342
7000479,CHAMPION CUTTING TOOL CORP,IN,0002,343
7100168,ALVIN INDUSTRIAL SALES LTD,IN,0001,344
7300153,AK-WEST INC.,IN,0001,345
7000426,TRICELL SALES & MARKETING,IN,0001,346
7100945,CANDOOR OVERHEAD DOORS LTD,EX,0001,347
7000429,KBC TOOLS INC,IN,0001,348
7300519,"DISPOSACONE, DIV OF VANGUARD",IN,0005,349
7000381,BRENNAN MACHINERY INC.,IN,0001,350
7300133,METAL SUPERMARKETS VAUGHN,IN,0001,351
7300453,DFM WEST DISTRIBUTION INC,IN,F001,352
7000199,CANCORD ROPES INC,IN,0001,353
7300424,COAST CUTLERY CO,IN,0001,354
7300365,EMPACK SPRAYTECH,IN,0001,355
7200016,NIEDAX CER INC,IN,0001,356
7300464,PACIFIC SPILL SUPPLY,IN,F001,357
7300533,EARNEST MACHINE,IN,0005,358
7300460,RINGBALL CORP,IN,F001,359
7100503,FP TELESET #213000103688,AD,0001,360
7300052,ANCHOR PRODUCTS,IN,0001,361
7300018,TASK TOOLS,IN,0001,362
7300409,GREEN LINE SALES,IN,F001,363
7000282,KAR INDUSTRIAL LTD,IN,0001,364
7000143,CHARLES JONES INDUSTRIAL,IN,0001,365
7000458,METRIC STORAGE,IN,0001,366
7300515,R G WATERS LTD,IN,F001,367
7300033,ACME INDUSTRIAL TEXTILES,IN,0001,368
7000065,DOCAP (1985) CORPORATION,IN,F005,369
7300502,BRITE LITE INC,IN,F001,370
7300486,GROUNDWATER HYDROLICS,IN,F001,371
7300382,CURRENT TOOLS INC,IN,0002,372
7000165,KING CANADA TOOLS INC **COD*,IN,0001,373
7300411,ITW PRO BRANDS,IN,0004,374
7300516,WESTBRAND INDUSTRIES,IN,F001,375
7300511,EDGEWOOD MATTING LTD,IN,F001,376
7300548,WAJAX INDSUTRIAL COMPANY,IN,F001,377
7300497,ALLDEC ARMSON,IN,F001,378
7000058,WATTS INDUSTRIES (CANADA) INC,IN,0001,379
7300458,MARR AGENCIES,IN,F001,380
7300099,PETTY CASH KITCHENER,EX,0001,381
7000271,ROY TURK INDUSTRIAL SALES LTD,IN,0001,382
6000169,PAT DEYOUNG,AD,0001,383
7300170,ARLINGTON,IN,0001,384
7000278,COOPER CROUSE-HINDS,IN,0001,385
7300518,DONALDSON ROPES LTD,IN,F001,386
7300498,WESTBOND INDUSTRIES INC,IN,F001,387
6000071,A.M.B. LIFT INC,EX,0001,388
7300306,STATE CHEMICAL LTD,IN,0001,389
7300510,WISEWORTH,IN,F001,390
7300426,SOMERVILLE,IN,F001,391
7000116,WHITE CAPP SUPPLY CANADA INC.,IN,0001,392
7300465,DAFCO FILTRATION GROUP,IN,F001,393
7000200,VISTA ELECTRIC,IN,0001,394
7000203,UCC INDUSTRIES INTERNATIONAL,IN,0001,395
7300063,PRYDE INDUSTRIAL INC.,IN,0001,396
7300447,STANDARD FASTENERS,IN,F001,397
7100374,S.I.L PLASTIC,IN,0001,398
7300248,EZ SELECTION,IN,0001,399
7300066,G2S EQUIPMENT-DO USE THIS,IN,0001,400
7000174,FAIRVIEW FITTINGS & MFG LTD,IN,0001,401
7300432,TRITON AUTOMOTIVE,IN,F001,402
7000247,METABO CANADA,IN,0001,403
6000286,PURE WATER BRAND,EX,0001,404
7000130,CONCORD HARDWARE LIMITED,IN,0001,405
7000106,LATEC MACHINE CONTROL,IN,0001,406
7300529,CLEARTECH INDUSTRIES INC,IN,F001,407
7100299,STANDARD EQUIPMENT SUPPLY,EX,0001,408
6000164,RELIANCE HOME COMFORT,EX,0001,409
7300487,LOWRY SALES,IN,F001,410
7300542,JBC SAFETY PLASTIC,IN,F001,411
7000321,THE TOOL DOCTOR,IN,0001,412
7000286,JASON INDUSTRIAL,IN,0001,413
6100002,UPS BROKERAGE,EX,0001,414
7300489,PAISLEY PRODUCTS,IN,F001,415
7000056,RELIABLE FASTENERS,IN,0001,416
7000378,HITACHI KOKI CANADA CO.,IN,0001,417
7300308,SVITLANA LYSYTSIA,AD,0001,418
7300496,ROB'S TOOL SERVICES,IN,F001,419
7100825,FASTEK INC,IN,0001,420
7000159,BUCHANAN RUBBER LTD.,IN,0001,421
7300350,OTTAWA FASTENER SUPPLY LTD,IN,0001,422
7000000,POWER PRODUCTS,IN,0001,423
7000002,BAHCO TOOLS INC.,IN,0001,424
6000001,ONE CONNECT SERVICES INC,EX,0001,425
7000005,HANSLER INDUSTRIES,IN,0001,426
7000007,ELAM M. MARTIN MACHINE SHOP,IN,0001,427
7000008,PEARL ABRASIVE CO.,IN,0001,428
7000013,BRAFASCO/HD SUPPLY *COD*,IN,0001,429
7000017,HOTHAM BUILDING MATERIALS,IN,0001,430
7000018,ACKLANDS-GRAINGER INC. *COD*,IN,0001,431
7000020,FASTENAL CANADA CO *COD*,IN,0001,432
7000021,***GREENLEE CND*** DO NOT USE,IN,0001,433
7000024,HENDERSON-OLIVER SALES LTD,IN,F001,434
7000027,GALVCAST MFG. INC.,IN,0001,435
7000029,THOMAS & BETTS LTD,IN,0001,436
7000034,NORTH SAFETY (HONEYWELL),IN,0001,437
7000035,THOMAS A CASERTA INC *COD*,IN,0002,438
7000040,IRWIN INDUSTRIAL TOOLS CANADA,IN,0001,439
7000042,POWERS INDUSTRIES LIMITED,IN,0001,440
7000043,RIDGE TOOL COMPANY,IN,0002,441
7000046,SIMONDS INDUSTRIES INC,IN,0001,442
7000047,JOHN BROOKS CO. LTD. *COD*,IN,0001,443
7000048,POLAR,IN,0001,444
7000049,TAYLOR TOOL CO. LIMITED,IN,0001,445
7000050,PRIME SOURCE,IN,0001,446
7000054,C.R. LAWRENCE CO INC **COD**,IN,0001,447
7000059,RENTQUIP CANADA LIMIED,IN,0001,448
7000060,STANLEY ENGINEERD FASTENING,IN,0001,449
7000061,WOOLATT BUILDING SUPPLY,IN,0001,450
7000063,SANDSHELL TECHNICAL,IN,0001,451
7000064,DOBCO EQUIPMENT LTD. *COD*,IN,0001,452
7000066,LENOX,IN,0001,453
7000070,WESTBURNE RUDDY ONTARIO,IN,0001,454
7000071,FREEWAY WASHER LTD,IN,0001,455
7000072,TRIUMPH TWIST DRILL,IN,0001,456
7000073,PERMA GRIP FASTENERS *COD*,IN,0001,457
7000075,GARDNER INDUSTRIAL SALES,IN,0001,458
7000077,BISON INDUSTRIES INC,IN,0001,459
7000079,COOK FASTENERS INC.,IN,0001,460
7000080,FOOTPRINT PRODUCTS LIMITED,IN,0001,461
7000082,SUMMIT ELECTRIC PRODUCTS *COD*,IN,0001,462
7000085,**DO NOT USE SUMNER**,IN,0001,463
7000086,SCOTIA CHEQUES,IN,0001,464
7000088,POPE LTD,IN,0001,465
7000089,COBRA ANCHORS CO. LTD.,IN,0001,466
7000092,BESTWAY CASTERS & WHEELS LTD.,IN,0001,467
7000098,BAR-BEN HARDWARE INC.,IN,0001,468
7000100,THUNDERBIRD PLASTICS LTD.,IN,0001,469
7000101,VERMONT AMERICAN CANADA INC,IN,0001,470
7000102,NORTH AMERICAN LIGHTING PROD,IN,0001,471
7000105,CASSELMAN GLOBAL ENTERPRISES,IN,0001,472
7000114,RONCO SAFETY,IN,0001,473
7000115,CORELLE BRANDS(WORLD KITCHEN),IN,0001,474
7000117,SIGNATURE ALUMINUM,IN,0001,475
7000129,ASA ALLOYS INC,IN,0001,476
7000134,A. GILANI,IN,0001,477
7000137,YARMOUTH METAL FABRICATORS,IN,0001,478
7000139,ANDA TOOL & FASTENER LTD,IN,0001,479
7000140,EGS ELECTRICAL GROUP,IN,0001,480
7000142,HAZMASTERS  *COD*,IN,0001,481
7000144,"**DO NOT USE, CAPITAL SAFETY**",IN,F001,482
7000146,TRACTEL LTD,IN,0001,483
7000147,SAFE-T-STRAP,IN,0001,484
7000148,RAM INTER-PACIFIC,IN,0001,485
7000155,ITW SHAKEPROOF GROUP *COD*,IN,0002,486
7000156,HOLLAND IMPORTS INC,IN,0001,487
7000157,AZTEC WASHER COMPANY INC,IN,0002,488
7000160,SIGNET TOOL INC  *COD*,IN,0001,489
7000161,SAFETY EXPRESS,IN,0001,490
7000167,MYATT & CO. LTD,IN,0001,491
7000170,STORE-RITE SYSTEMS INC,IN,0001,492
7000171,DO NOT USE SHERIWN WILLIAM,IN,0001,493
7000173,B.C. SAW & TOOL INC.,IN,0001,494
7000178,ALLAN FYFE EQUIPMENT LTD *COD*,IN,0001,495
7000179,ALLIANCE WIRE ROPE,IN,0001,496
7000183,TRY HARD INDUSTRIAL SUPPLY,IN,0001,497
7000186,BOLTS PLUS,IN,0001,498
7000187,MULTI-GLASS INSULATION LTD*COD,IN,0001,499
7000190,KREUTER MARKETING CANADA INC,IN,0001,500
7000191,HYDRAUIC POWER (TORONTO),IN,0001,501
7000193,UNIQUIP CANADA INC,IN,0001,502
7000632,AA ANCHOR BOLT INC,IN,0002,503
7000577,FACCA FASTENERS LIMITED,IN,0001,504
7000202,UNIROPE LIMITED,IN,0001,505
6000007,CORPORATE TRAVEL SERVICE,AD,0001,506
7000204,COMMERCIAL ROLL FORMED,IN,0001,507
7000205,SETON,IN,0001,508
7000207,PREMIUM TOOL & ABRASIVES CO,IN,0001,509
7000211,METRO INDUSTRIES INC,IN,0002,510
6000421,ADAMS SERVICE CENTRE,AD,0001,511
7000217,KELLY SIGNS,EX,0001,512
6000400,STANLEY SECURITY SOLUTIONS,AD,0001,513
6000401,DE LAGE LANDEN,AD,0001,514
6000402,PHONE PAGES,AD,0001,515
7000587,COMPUSIGN GRAPHIC REPRODUCTION,IN,0001,516
7000219,KANEBRIDGE CORPORATION,IN,0002,517
6000403,INTERWEIGH SYSTEMS INC,AD,0001,518
7000220,CONSTRUCTION DISTRIBUTION,IN,0001,519
7000224,METAL SUPERMARKETS MISSISSAUGA,IN,0001,520
7000225,CORDS CANADA LTD  *COD*,IN,0001,521
7000590,LANCOR ELECTRIC LIMITED,EX,0001,522
7000228,MAT-HAN-QUIP LTD,IN,0001,523
7000229,MERKLEY BUILDING SUPPLIES,IN,0001,524
7000231,LINEMANS TESTING LAB,IN,0001,525
7000233,MESSER CANADA,IN,0001,526
7000234,R3 RELIABLE,IN,0001,527
7000236,MARKHAM INDUSTRIAL & TRADE,IN,0001,528
7000237,ALL CUSTOM GASKET,IN,0001,529
7000238,SCALE SERVICES & SALES,IN,0001,530
7000239,FEIN CANADIAN POWER TOOL *COD*,IN,0001,531
7000243,FORM & BUILD SUPPLY INC,IN,0001,532
7000591,COLUMBIA FIRE & SAFTEY LTD,IN,0001,533
7000592,INTECH MECHANICAL CONTRACTING,EX,0001,534
7000593,CONTAINER SOURCE,IN,0001,535
7000245,GLOBAL RUBBER PRODUCTS LTD,IN,0001,536
7000246,AKZO NOBEL,IN,0001,537
6000405,REVOLUTION STAFFING,AD,0001,538
7000248,PLS-PACIFIC LASER SYSTEMS,IN,0002,539
7000249,TOOLS DIRECT,IN,0001,540
7300501,SIGNS GALORE INC,EX,F001,541
7000253,STANLEY TOOLS,IN,0001,542
7000255,CLYDE INDUSTRIAL EQUIPMENT,IN,0001,543
7000627,CROWN MODULAR MANUFACTURING,IN,0001,544
7000257,TOP TAPE & LABEL LTD,IN,0001,545
6000014,AVENUE OFFSET PRINTERS INC,EX,0001,546
7000597,DIXIE CONSTRUCTION PRODUCTS,IN,0002,547
7000598,GENESIS II,IN,0001,548
6000409,REGAL MAINTENANCE,EX,0001,549
7000272,SOWA TOOL & MACHINE CO *COD*,IN,0001,550
7000281,***DO NOT USE EFCOM***,IN,F005,551
7000283,STANLEY FASTENING SYSTEMS,IN,0001,552
7000284,MYTEK POWER TOOLS SERVICE,IN,0001,553
7000291,ROTHENBERGER USA INC (#650600),IN,0002,554
7000295,CS2 CONSTRUCTION SALES *COD*,IN,0001,555
7000296,FARMBRO VAN & TRUCK *COD*,IN,0001,556
7000297,MIBRO GROUP,IN,0001,557
7000298,WRIGHT TOOL COMPANY,IN,0002,558
7000600,AGO INDUSTRIES INC **COD**,IN,F001,559
7000301,NATIONAL HOSE,IN,0001,560
6000016,ROBERT IRVINE,AD,0001,561
7000306,DEVCON,IN,0001,562
7000311,TJV WOODWORKING MACHINE & TOOL,IN,0001,563
7000312,TOOLS N' THINGS LTD,IN,0001,564
7000313,COLEMAN CABLE SYSTEMS INC,IN,0002,565
7000314,NORTH STAR UNISTRUT,IN,0001,566
7000316,FELLFAB LIMITED,IN,0001,567
7000317,FAUCHER INDUSTRIES INC,IN,0001,568
7000320,THE L.S STARRETT COMPANY,IN,0001,569
7000621,SWITCHWORKS,EX,0001,570
7000333,ADFAST DISTRIBUTION **COD**,IN,0001,571
7000334,TROY CLUTHE SALES LTD,IN,0001,572
7000337,SIMPLEX,IN,0001,573
7000338,GILES TOOL AGENCIES LTD *COD*,IN,0001,574
7000340,JUBILEE ROSE  *COD*,IN,0001,575
7000342,HANFORD LUMBER LTD *COD*,IN,0001,576
7000344,RAPID RENTALS,IN,0001,577
7000602,CREIGHTON ROCK DRILL LTD,IN,0001,578
7000351,DISTRIBUTION TECHNOLOGIES INC,IN,0001,579
7000354,ACE FASTENERS *COD*,IN,0001,580
7000355,DIAMOND SYSTEMS,IN,0001,581
7000356,INSURGE INC,IN,0001,582
7000357,MIFAB MANUFACTURING INC,IN,0001,583
7000364,STARDIAMOND TOOLS INC. *COD*,IN,0001,584
7000366,HILMAN ROLLERS,IN,0002,585
7000367,NORTON C0NSTRUCTION PRODUCTS,IN,0001,586
7000605,ITM INSTRUMENTS,IN,F001,587
7000369,PINACLE STAINLESS STEEL,IN,0001,588
7000370,MURRAY CORPORATION,IN,0002,589
7000375,ALLOY & STAINLESS FASTENERS,IN,0002,590
6000412,BEVERLY TIRE & AUTO SERVICE,AD,0001,591
6000430,NORTH BAY MAT RENTAL,AD,0001,592
7000382,CAL LAB INSTRUMENT,IN,0001,593
7000386,RUSSEL METALS,IN,0001,594
7300371,MDF POLYTECH INDUSTRIES INC,V1,F0.5,595
6000429,LIFT NORTH AMERICA,AD,0001,596
7000633,ROGERS BUSINESS SOLUTIONS,AD,0001,597
7000392,TRANS CONTINENTAL EQUIPMENT,IN,0001,598
7300373,ROCKY BRANDS,IN,F0.5,599
6000024,DON'T USE,AD,0001,600
7000395,CAPS'N PLUGS *COD*,IN,0001,601
7000397,HOLD-TITE FASTENERS LTD,IN,0001,602
7000398,MISTER MAT,EX,0001,603
7000399,GREAT-WEST METAL LTD,IN,0001,604
6000029,INDISYS TECHNOLOGY GROUP,EX,0001,605
7000400,CANADIAN FLEXI DRILL,IN,0001,606
7000401,INNOVAK,IN,0001,607
7000402,FORTE PERFORMANCE SYSTEMS *COD,IN,0001,608
6000031,H.T.C. SERVICES,AD,0001,609
6000032,FASTENING HOUSE INC.,EX,0001,610
6000413,POWER STREAM INC,AD,0001,611
6000034,IKON OFFICE SOLUTIONS,AD,0001,612
7000606,PETERSEN BRANDS< LLC,IN,0002,613
7000413,CANARM LTD,IN,0001,614
7000414,LELAND INDUSTRIES INC.,IN,0001,615
7000415,INTRALEC ELECTRICAL PRODUCTS,IN,0001,616
7000419,LUG-ALL CORPORATION,IN,0002,617
7000421,TORY TAPE LTD. *COD*,IN,0001,618
7000607,WHITEBIRD  *COD*,IN,0001,619
7000428,R&W CRANE & HOIST LTD.,IN,0001,620
7000438,SPARTAN SLING MANUFACTURING,IN,0001,621
7000610,GARDNER BENDER,IN,0001,622
7000443,MISSISSAUGA STEEL MART,IN,0001,623
6000036,MISSISSAUGA REPAIR CENTRE,AD,0001,624
7000444,DO NOT USE WOBBLE LIGHT LLC,IN,0002,625
6000038,KEVIN CROZIER,EX,0001,626
7000447,WOODHEAD CANADA INC,IN,0001,627
7000450,MABOR INDUSTRIAL INC,IN,0001,628
6000414,ROGERS,AD,0001,629
6000415,THOMAS LIFT TRUCK SERVICE LTD,AD,0001,630
7000459,FABORY CANADA INC,IN,0001,631
7000460,WINROC,IN,0001,632
7000614,RICHU MANUFACTURING,IN,0001,633
6000427,ADESTE GLOBAL MANAGED NETWORKS,EX,0001,634
7000622,DROLLIS SAFETY SUPPLY CO LTD,IN,0001,635
7000462,LILY FASTNERS,IN,0001,636
7000463,FRONTIER WOLSELEY,IN,0001,637
7000464,LOK-MOR INC *COD*,IN,0002,638
7000470,SOUTHWOOD GRAPHICS & SIGNS INC,IN,0001,639
7000472,SPECTRUM BRANDS RAY-O-VAC,IN,0001,640
7000473,VICTORY PLASTICS LTD *COD*,IN,0001,641
7000476,FLOCOR INC,IN,0001,642
7000477,INTERFAST INC,IN,0001,643
7000478,RAY NEON SIGNS,IN,0001,644
7000480,FAULTLESS CASTER CANADA,IN,0001,645
7000482,WINNER GARMENT INDUSTRIES LTD,IN,0001,646
7000488,PASLODE CANADA,IN,0001,647
7000490,EXCALIBUR PRODUCTS LTD,IN,0001,648
7000492,FERO CORPORATION *COD*,IN,0001,649
7000495,EQUIPMENT CORPS INC,IN,0001,650
7000499,H & E PLATING (CANADA) LTD COD,IN,0001,651
6000040,CAVERLEY DEVELOPMENTS INC,AD,0001,652
7000500,WIPECO INDUSTRIES,IN,0001,653
7000503,S. MARINO MANUFACTURING LTD,IN,0001,654
7000504,OTTAWA CONTAINER RENTALS,EX,0001,655
7000506,REMI INDUSTRIES LIMITED,IN,0001,656
6000041,REID IRVING,AD,0001,657
6000431,MAYHEW AND ASSOCIATES INC,AD,0001,658
7000509,GUELPH TWINES LTD,IN,0001,659
6000043,IMPACT FREIGHT SERVICES,AD,0001,660
7000511,TORTOISE FASTENER CO,IN,0002,661
7000512,RENTAL SERVICE CANADA,IN,0001,662
7000514,EN TOOL & SUPPLY *COD*,IN,0001,663
6000045,CUMMINS HYDRAULICS,IN,0001,664
7000517,BATTLEFIELD EQUIPMENT RENTALS,IN,0001,665
7000518,NEDCO -ACT#38521  *COD*,IN,0001,666
7000519,NIAGARA FASTENERS INC,IN,0001,667
7000520,NISSEN FASTENERS CANADA,IN,0001,668
6000417,MIKE PENNY,AD,0001,669
7000523,WERA TOOLS,IN,0001,670
7000525,GH INTERNATIONAL INC *COD*,IN,0001,671
7000526,CROSSROADS C&I,IN,0001,672
7000616,K-T BOLT MANUFACTURING INC,IN,0002,673
6000425,MARIJANA HORVAT,AD,0001,674
7000630,CHAABAN INVESTMENT INC,AD,0001,675
7000532,PIPE TOOL REPAIR & SERVICE COD,IN,0001,676
7000534,PIGMALLON ENVIRONMENTAL,IN,0001,677
7000538,STANLEY BOSTITCH  ACT#1801478,IN,0001,678
7000540,PRO-TIP,IN,0001,679
7000541,FEDERATED TOOL SUPPLY CO LTD,IN,0001,680
7000543,JET-LUBE OF CANADA LTD,IN,0001,681
7000544,INNOVATIVE COATING SYSTEMS,IN,0001,682
7000545,POLYTARP PRODUCTS,IN,0001,683
7000546,PRIME WIRE AND CABLE,IN,0001,684
6000051,PETTY CASH-JOE BONACCI,AD,0001,685
6000052,PETTY CASH-LARRY WARD,AD,0001,686
6000053,PUROLATOR,EX,0001,687
6000056,ED TACCONE,AD,0001,688
7300374,TWC INC.,CO,F0.5,689
6000060,ROB VYNYCHENKO,EX,0001,690
6000061,DIXIE FORD SALES LTD,AD,0001,691
7000549,BRAMALEA FENCE LTD,IN,0001,692
7000550,ALL TRADE RENTALS INC,EX,0001,693
7000551,HURONIA MAT RENTALS,IN,0001,694
6000067,TELUS MOBILITY,AD,0001,695
6000070,ROY FOSS MOTORS,AD,0001,696
6000073,DO NOT USE 407LL ROUTE,AD,0001,697
6000076,WINDSOR CONSTRUCTION ASSOC,EX,0001,698
6000088,ARMOR HOLDINGS INC,AD,0001,699
6000090,R.J. BURNSIDE & ASSOCIATES,AD,0001,700
6000094,CANADIAN SPRINGS,AD,0001,701
6000099,JS REPRODUCTIONS,EX,0001,702
7300399,HUMMINGBIRD LAWYERS LLP,EX,0001,703
6000101,MISSISSAUGA TAXES,AD,0001,704
6000102,BARRIE HYDRO,AD,0001,705
6000107,REGION OF PEEL,AD,0001,706
6000113,ROYAL PRINTING & LITHO SERVICE,AD,0001,707
6000116,R&H TIRE,AD,0001,708
7000552,TOOL & CUTTER SUPPLY CO,IN,0001,709
6000121,CORPORATE WATER SERVICES,AD,0001,710
6000126,HOLD PROMOTION SYSTEMS LTD,EX,0001,711
6000128,RUTHERFORD COLLISION CENTRE,EX,0001,712
6000130,UNIONGAS LTD,EX,0001,713
6000131,COLIN LINFIELD *DO NOT USE*,AD,0001,714
6000133,BARRIE FORD,AD,0001,715
6000135,GAYLORD'S FLORIST,AD,0001,716
6000141,FRISBY TIRE CO (1974) LTD,AD,0001,717
6000143,CRS CONTRACTORS RENTAL SUPPLY,AD,0001,718
6000146,HARTLAND INSURANCE,AD,0001,719
6000147,PENSIONFUND REALTY LIMITED,AD,0001,720
6000148,BRENNAN FIRE EQUIPMENT,EX,0001,721
6000149,VAN HOUTTE INC COFFEE SERVICES,EX,0001,722
6000151,FRANK'S TIRE SERVICE,AD,0001,723
7000553,BRAMPTON WASHERS & STAMPING,IN,0001,724
6000158,MINISTER OF FINANCE< PST,AD,0001,725
6000160,MINISTER OF FINANCE,EX,0001,726
6000161,MINISTER OF FINANACE< MOT,AD,0001,727
6000162,SAVASTA AUTOMOTIVE REPAIR,AD,0001,728
6000166,BRYANT HEATING & COOLING CO,AD,0001,729
6000167,CANADA CARTAGE SYSTEM LTD.,EX,0001,730
6000173,CON-WAY CANADA EXPRESS,AD,0001,731
6000175,JOHN DEAN,AD,0001,732
7000556,TOPLINE EQUIPMENT CO LTD,IN,0001,733
6000183,GEORGIAN MOBILE SIGNS,AD,0001,734
6000184,CHEYENNE LANDSCAPING,EX,0001,735
6000185,CARDINAL COURIERS LTD.,EX,0001,736
6000186,APPLE AUTO GLASS,AD,0001,737
6000187,LONDON & DISTRICT CONSTRUCTION,AD,0001,738
6000190,RAY STANTON,AD,0001,739
6000195,ONTARIO COURT OF JUSTICE,AD,0001,740
6000199,EDWARDS GLASS COMPANY LTD,EX,0001,741
6000202,RUSS SEARS OVERHEAD DOOR,AD,0001,742
6000209,THERMAL AIR SYSTEMS INC,AD,0001,743
6000224,FOREST CITY BUSINESS EQUIP,AD,0001,744
6000226,EQUIFAX CANADA INC,EX,0001,745
6000229,OTTAWA POLICE SERVICE,EX,0001,746
6000230,DIAMOND TOWING FLOAT SERVICE,AD,0001,747
6000233,ETR 407 EXPRESS TOLL ROUTE,EX,0001,748
7000557,AIR LIQUIDE CANADA INC,IN,0001,749
6000238,CITY OF MISSISSAUGA,AD,0001,750
6000240,TRI-TECH OFFICE SOLUTIONS,AD,0001,751
6000242,CAA CENTRAL ONTARIO,AD,0001,752
6000244,CITY OF TORONTO,EX,0001,753
6000245,UPS,EX,0001,754
6000252,BFI CANADA,EX,0001,755
6000254,ADANAC SECURITY & SPECIALITY,AD,0001,756
6000255,TORONTO CONSTRUCTION ASSOC,AD,0001,757
7000559,ACTION AERIAL EQUIP RENTALS,EX,0001,758
6000265,MT. BRYDGES FORD SALES LTD,AD,0001,759
6000270,ADMOR CORPORATION,AD,0001,760
6000272,TWO-TYME RECYCLING & DISPOSAL,AD,0001,761
6000273,DAILY DIRECT DELIVERY,EX,0001,762
7000561,GREAT LAKES SAFETY PRODUCTS,EX,0001,763
6000279,LOGISTICS STAFFING SERVICES,AD,0001,764
6000281,SHAW DIRECT,AD,0001,765
6000282,REED CONSTRUCTION DATA,EX,0001,766
6000284,WASTE MANAGEMENT,EX,0001,767
6000289,NATIONWIDE TIRE & AUTO,AD,0001,768
6000290,SYLES MECHANICAL SERVICES,AD,0001,769
6000291,THE STAFFING EDGE,AD,0001,770
6000293,MIRACLE AUTO CENTRE LTD,AD,0001,771
6000301,WINDSOR POLICE SERVICE,EX,0001,772
6000306,MCGRAW HILL CONSTRUCTION,AD,0002,773
6000308,HOME DEPOT,EX,0001,774
6000310,2092694 ONTARIO INC,AD,0001,775
6000313,MARK EVELEIGH,AD,0001,776
6000317,MDR COMPUTER SYSTEMS,AD,0001,777
6000321,PITNEY BOWES,AD,0001,778
6000326,MASTER MECHANIC,AD,0001,779
6000329,BRYANT TRAILER SERVICES INC,AD,0001,780
6000331,MANULIFE FINANCIAL,EX,0001,781
6000333,ACUMYST LTD.,AD,0001,782
6000334,A & C AUTO PARTS,AD,0001,783
7000565,A.C. JENKINS REPAIR LIMITED,IN,0001,784
6000335,ALLSTREAM,EX,0001,785
6000336,TYCO INTEGRATED SECURITY,EX,0001,786
6000343,KEITH MOORE,AD,0001,787
6000344,KEN MOORE,AD,0001,788
6000346,TELUS MOBILITY,AD,0001,789
6000347,M.F. ARNSBY PROPERTY MGMT,EX,0001,790
6000352,LABOUR READY,EX,0001,791
6000354,BDO DUNWOODY WARD MALLETTE,EX,0001,792
6000355,MEYERS TRANSPORT,AD,0001,793
6000360,DEBTCOLLECT INC,AD,0001,794
6000362,WILLIAM L. RUTHERFORD LIMITED,AD,0001,795
6000364,COSTCO WHOLESALE,EX,0001,796
6000366,SWISS ELECTRIC LTD,AD,0001,797
6000369,O'CONNOR ZANARDO,EX,0001,798
6000370,UNITED PARCEL SERVICE CANADA,AD,0001,799
6000371,LIVINGSTON,AD,0001,800
6000373,PITNEY BOWES LEASING,AD,0001,801
6000374,PITNEY BOWES,AD,0001,802
6000376,F. AMODIO ENTERPRISES LTD,AD,0001,803
7000568,PRESTON HARDWARE,IN,0001,804
6000381,SHAINE MOORE,AD,0001,805
6000382,POSTAGE BY PHONE,AD,0001,806
6000385,ELIZABETH NICODEMO,AD,0001,807
6000389,HAMILTON-HALTON CONST ASSOC,AD,0001,808
6000390,HORIZON UTILITIES,AD,0001,809
7000571,RED D ARC WELDERENTALS,IN,0001,810
6000393,WESTPORT AUTOMOTIVE INC,AD,0001,811
7000572,ALLGRADE BOLT & CHAIN INC *COD,IN,0001,812
7100007,UNIQUIP CANADA LTD.,IN,0001,813
7100015,ALFAGOMMA CANADA INC.,IN,0001,814
7100027,BORO PARK TOOLS CUTTING TOOLS,IN,0002,815
7100072,WOLSLEY CANADA INC.,IN,0001,816
6100016,UPS CANADA,EX,0001,817
7000640,CANADA CORDAGE INC,IN,0001,818
7100151,COMPUFORMS (MGMT) LIMITED,AD,0001,819
7100152,NEOLORE NETWORKS INC,AD,0001,820
7100153,DOMSON ENGR & INSPECTION,AD,0001,821
7100154,ANDREA SHERBO,AD,0001,822
7100155,MIKE ROTHWELL,AD,0001,823
7100156,MELOCHE TORCH & REGULATOR,AD,0001,824
7100157,NCO FINANCIAL SERVICES,AD,0001,825
7100158,E.S. GALLAGHER SALES LTD,IN,0001,826
7100160,MINICUT INTERNATIONAL,IN,0001,827
7100161,PROFESSIONAL PERSONNEL LTD,AD,0001,828
7000639,FLAME & TAMER FIRE SAFETY,IN,0001,829
7100162,THE CORPORATION OF THE CITY,AD,0001,830
7100163,CANADIAN NETWORK CABLING,AD,0001,831
7100165,ANDREW HOLLINGSWORTH,AD,0001,832
7100166,PASCOE CORDAGE,IN,0001,833
7100169,THE BOLT SUPPLY HOUSE LTD,IN,0001,834
7100171,MERITHIAN PRODUCTS CORP,IN,0001,835
7100172,A&W CLEANING,AD,0001,836
7100175,KLEIN NETWORK SERVICES,AD,0001,837
7100176,OLYMPIC FIRE PROTECTION,AD,0001,838
7100177,FOREST MACHINE,IN,0001,839
7100179,CINTAS DOCUMENT MANAGEMENT,EX,0001,840
7100184,ROBCO INC,IN,0001,841
7100185,NUROC PLUMBING & HEATING,IN,0001,842
7100186,HITECH PIPING,IN,0001,843
7100187,C-B SUPPLIES LTD,IN,0001,844
7100188,BARRIE GLASS & MIRROR,AD,0001,845
7100189,JOANN CHAPMAN,AD,0001,846
7100190,GRAY OWL OFFICE SERVICES LTD,EX,0001,847
7100191,PROVINCIAL PAPER & PACKAGING,IN,0001,848
7100192,MELLON INC,AD,0001,849
7100193,DOOR DOCTOR,AD,0001,850
7100194,LIFT TEMP,AD,0001,851
7100195,THE INCREDIBLE CLOTHING CO,AD,0001,852
7100196,RORISON  ELECTRIC LTD,AD,0001,853
7100197,MINISTER OF FINANCE,AD,0001,854
7100198,PRODUCTION TOOL SUPPLY,IN,0001,855
7100202,EQUIPMENT & TOOL CONNECTION,AD,0001,856
7100203,NAYLOR,AD,0001,857
7100204,BLUE BINS UNLIMITED,AD,0001,858
7100205,GRAVES TOWING SERVICE,AD,0001,859
7100207,PARKING DIVISION,AD,0001,860
7100209,NUCOR REBAR FABRICATION,IN,0001,861
7100210,BOUDREAULT LTEE,IN,0001,862
7100212,BARRIE POLICE SERVICE,AD,0001,863
7100213,TECHNICAN POOL PRODUCTS,AD,0001,864
7100214,TED SHIER AUTO & TRUCK SERVICE,AD,0001,865
7100216,MCMILLAN BINCH MENDELSOHN,AD,0001,866
7100217,QUALITY MACHINE INDUSTRIAL,AD,0001,867
7100223,HTS COMMUNICATIONS,AD,0001,868
7100221,THE BARRIE EXAMINER,AD,0001,869
7100219,CURBSIDE AD CORP,AD,0001,870
7100220,FORMCOR,AD,0001,871
7100226,ACCOUNTEMPS,AD,0001,872
7100229,RELTON CORPORATION,IN,F001,873
7100230,SUN LIFE FINANCIAL,AD,0001,874
7100232,GEORGE DAAN SUPPLIES,IN,0001,875
7100233,SCAFFOLD FAST,IN,0001,876
7100234,APPLE AUTO GLASS,AD,0001,877
7100235,TOWN OF OAKVILLE,AD,0001,878
7100236,GLOBAL WIRELESS SOLUTIONS,AD,0001,879
7100237,AIR LIQUIDE CANADA INC.,IN,0001,880
7100238,MV PACKING INC.,AD,0001,881
7100240,BELL MOBILITY,EX,0001,882
7100244,UNITED RENTALS OF CDA INC,IN,0001,883
7100245,DO NTO USE BELL BARRIE,AD,0001,884
7100246,NO NOT USE BELL,AD,0001,885
7100250,FEDEX FREIGHT   USD,EX,0002,886
7100256,PORTEOUS FASTENER CO,IN,0002,887
7100257,BARRIE CONST. ASSOCIATION,AD,0001,888
7100258,PETTY CASH - SAINI BALDEV,AD,0001,889
7100260,3L SOUND & LIGHTING,AD,0001,890
7100261,MYRON SMARTER BUSINESS,AD,0001,891
7100262,CRANE SUPPLY,IN,0001,892
7100263,LIVINGSTON INTERNATIONAL,AD,0002,893
7100264,TORONTO TIRECRAFT,AD,0001,894
7100265,FOUR POINTS EXPRESS INC,AD,0001,895
7100266,FREIGHTWORLD LOGISTICS INC,AD,0001,896
7100267,ABRAMS LIGHT & HEAVY TOWING,AD,0001,897
7100268,ATLAS TIRE WHOLESALE INC,AD,0001,898
7100269,ERIN NIXON,AD,0001,899
7100270,TOP TEMPORARY AGENCY INC,AD,0001,900
7100273,DIXIE BLOOR SERVICE,AD,0001,901
7100276,SCH0FIELD MEDIA GROUP LLC,AD,0002,902
7100277,SPEEDWAY TIRE SALES & SERVICE,AD,0001,903
7100278,SPEED FASTENING SYSTEMS INC,IN,0001,904
7100280,CFAB CONSULTING AND,IN,0001,905
7100281,VIRGINIA HICKS,AD,0001,906
7100282,CANADIAN PRINTCO LIMITED,AD,0001,907
7100283,RICKS EQUIPMENT REPAIRS,IN,0001,908
7100284,CRIB TOOL REPAIR,IN,0001,909
7100285,FORNEY WELDING SUPPLIES,IN,0001,910
7100287,PHOENIX FASTENING SYSTEM INC,IN,0001,911
7100288,CRYO-METAL INC,IN,0001,912
7100289,HAMISCO INDUSTRIAL SALES INC,IN,0001,913
7100290,NAPA DIV OF UAP INC.,AD,0001,914
7100291,CANADA ROPES CORPORATION,IN,0001,915
7100294,EMPIRE COMMUNICATIONS,EX,0001,916
6000500,GRIDD ELECTRICAL SERVICES,AD,0001,917
7100295,MISSISSAUGA CARTONS,IN,0001,918
7100296,C.O.D. USA,EX,0002,919
6000501,WAY'S AUTOMOTIVE SERVICE,AD,0001,920
6000502,RBC ROYAL BANK,AD,0001,921
7100297,PROCESS PIPE SUPPORT SYSTEM,IN,0001,922
7100302,OCEAN CAPITAL INVESTMENT,AD,0001,923
7100310,965871 ONTARIO LTD,EX,0001,924
7100311,ROLERSPHERE,AD,0001,925
7100312,WESTMORE PUBLISHING,AD,0001,926
7100316,AERODYNAMICS INSPECTING,IN,0001,927
7100317,MISSISSAUGA HARDWARE CENTRE,IN,0001,928
7100319,AUTOMOTIVE TOOL,IN,0001,929
7100320,DOXIM SOLUTIONS ULC,EX,0001,930
7100322,QUALTITAIR,IN,0001,931
7100321,BIRD CO DEVELOPING,AD,0001,932
7100323,AMAC EQUIPMENT **COD*,IN,0001,933
7100326,BARRIE COLLISION CENTRE,AD,0001,934
7100327,AGF MATERIAL HANDLING,IN,0001,935
7100328,TSURUMI,IN,0001,936
7300378,GULLCO WELDING AND CUTTING,IN,F0.5,937
7100330,ROBERTSON ELECTRIC WHOLESALE,IN,0001,938
6000550,SEGA ELECTRIC,AD,0001,939
6000551,GRAHAM HEATING AND COOLING,AD,0001,940
6000552,NEBS BUSINESS PRODUCTS LTD,EX,0001,941
7100353,CGE METALS,IN,0001,942
7100362,CDW CANADA INC,AD,0001,943
7100355,DO NOT USE AMERICAN POLYWATER,IN,0002,944
6000900,ONTARIO COURT OF JUSTICE,AD,0001,945
7100369,ONTARIO COURT OF JUSTICE,AD,0001,946
7100371,MIDAC SOLUTIONS,AD,0001,947
7100372,HUSQVARNA -DO NOT USE THIS ACT,IN,0001,948
7100376,JAN-MAR  -COD ACCOUNT,IN,0001,949
7100367,HUMBER RIVER REGIONAL HOSPITAL,AD,0001,950
7100368,AIR PATROL NORTH LTD,AD,0001,951
7100377,DO NOT USE-- GRIPPLE US,IN,0002,952
7100382,WILREP LTD,IN,0001,953
7100391,DONNELLY AUTOMOTIVE GROUP,AD,0001,954
7100392,DIAMOND MATERIAL HANDLING,EX,0001,955
7100393,QUALTOOL INC,IN,0001,956
7100394,POWER PLANT SUPPLY *COD*,IN,0001,957
7100399,2222212 ONTARIO INC,AD,0001,958
7100400,THE DRYWALL TOOL SOURCE *COD*,IN,0001,959
7100401,ZULIANI GLASS CENTRE,AD,0001,960
7100345,FEDEX EXPRESS CANADA LTD,AD,0001,961
7100346,VANDENBERG PROFESSIONAL CORP,AD,0001,962
7100347,NUMBER ONE AUTO,AD,0001,963
7100348,GREENLEE TEXTRON(DO NOT USE!),IN,0002,964
7100380,ONTARIO TOOLS AND FASTENERS,IN,0001,965
7100349,INCOM MANUFACTURING GROUP,IN,0001,966
7100410,AMJAY ROPES & TWINES LTD,IN,0001,967
7100497,LIFT SERVICES INC,AD,0001,968
7100496,RNR TOOLS LTD,IN,0001,969
7100425,CAN-COPE SALES LTD,IN,0001,970
7100427,CHECKERS CLEANING SUPPLY,IN,0001,971
7100385,MOBILE COMMUNICATION SERVICES,AD,0001,972
7100386,BUSY BEE,IN,0001,973
7100429,EULIX DIGITAL PRINTERS,EX,0001,974
7100456,WEICON  *PAY BY CHEQUE*,IN,0001,975
7100462,HAROLD SIMMONS INDUSTRIALS LTD,IN,0001,976
7100465,PROBUILT PROFESSIONAL PRODUCTS,IN,0002,977
7100492,JB ALUMINUM PRODUCTS LIMITED,AD,0001,978
7100404,COMMERCIAL EQUIPMENT CORP,IN,0001,979
7100958,IG INNOVATION GABRICKA,IN,0001,980
7100499,CITY LOCKSMITH,IN,0001,981
7100900,OMICO MECHANICAL LIMITED,IN,0001,982
7100501,CANDOO SECURITY PRODUCTS,IN,0001,983
7100502,1593585 ONTARIO INC,AD,0001,984
7100506,SPAR-MARATHON ROOFING SUPPLIES,IN,0001,985
7100959,PRIME SOURCE<<US>>,IN,0002,986
7100509,GERRY GRAY,AD,0001,987
7100508,PURE STREAM INC,EX,0001,988
7100510,"LALONDE, LALONDE & ASSOC. INC",IN,0001,989
7100513,TEB-MAR,IN,0001,990
7100514,TECOUSTICS LIMITED,IN,0001,991
7100516,RECTORSEAL,IN,F0.5,992
7100519,TERRA NOVA TRANSPORT,AD,0001,993
7100621,GEORGE MEDIA INC,AD,0001,994
7100625,HARDWARE AGENCIES,IN,0001,995
7100628,BULLARD ABRASIVES INC.,IN,0002,996
7100629,TJ CRANES INC,IN,0001,997
7100635,WOODFIELD AUTOMOTIVE,AD,0001,998
7100632,SENTRY SECURITY FASTENERS INC,IN,0002,999
7100715,IMPARK PARKING CANADA CORP,AD,0001,1000
7100766,1015609 ONTARIO LIMITED,AD,0001,1001
7100765,SUREWAY INTERNATIONAL INC,IN,0001,1002
7100736,POLYGON INTERNATIONAL TECH,IN,0001,1003
7100769,HERITAGE SAFETY PRODUCTS,IN,0001,1004
7100782,BOSS CANADA INC,IN,0001,1005
7100969,7 PARK AVENUE FINANCIAL,AD,0001,1006
7100862,PEAKWORKS,IN,0001,1007
7100941,VIVECK ARYAN TRANSPORT,AD,0001,1008
7100441,JUNE MOORE,AD,0001,1009
7100992,EMPIRE LEVEL MFG CORP.,IN,0002,1010
7200002,ARCHMILL PRODUCTS,IN,0001,1011
7200003,RDSI.CBI SUPPLIES,IN,0001,1012
7200005,CHAMPION PRODUCTS,IN,0001,1013
7200007,PHAZER ELECTRIC,AD,0001,1014
7200008,BE POWER EQUIPMENT INC -DO,IN,0001,1015
7200009,OSG MARKETING,EX,0001,1016
7200012,GREAT-WEST LIFE,AD,0001,1017
7200015,NIKKI BURCOMBE,AD,0001,1018
7200017,DELTA POWER EQUIPMENT CORP,IN,0001,1019
7200018,DAQUIN UNIQUE MARKETING SOL.,EX,0001,1020
7200019,SAMANAST INDUSRIES,AD,0001,1021
7200120,EXCALIBUR INDUSTRIAL SALES,IN,0001,1022
7200025,NOCO LUBRICANTS COMPANY,IN,0001,1023
7200020,AD FIRE PROTECTION SYSTEMS,IN,0001,1024
7200051,GLOBAL UTILITIES,IN,0002,1025
7200053,TRI-STATE FASTENERS,IN,0002,1026
7200056,BISON TRANSPORT INC,EX,0001,1027
7200057,TRAK IT,EX,0001,1028
7200059,TIRE WORLD INC,AD,0001,1029
7200061,8034036 CANADA LIMITED,EX,0001,1030
7200063,OHIO NUT AND BOLT OF CANADA,IN,0001,1031
7200065,ROBERTSON LITHO,IN,0001,1032
7200066,STANLEY ENGINEERED FASTENING,IN,0002,1033
7200067,NATIONAL FIRE EQUIPMENT LTD,IN,0001,1034
7200068,RECYCLING EQUIPMENT CANADA,IN,0001,1035
7200078,CIBC VISA,EX,0001,1036
7200079,CIBC VISA,AD,0001,1037
7200080,CIBC VISA-NOT IN USE,AD,0001,1038
7200069,WIHA TOOLS CANADA LTD. *COD*,IN,0001,1039
7200912,STAFDA,AD,0002,1040
7201000,CIRCA HYDEL ENTERPRISES,IN,0001,1041
7200901,SCP TRANSPORT,AD,0001,1042
7200074,CIRCLE CORTINA INDUSTRIES,IN,0001,1043
7200075,CDS PACKAGING,IN,0001,1044
7200081,MORSE CUTTING TOOLS,IN,0001,1045
7200975,OCCUPATIONAL SAFETY GROUP,EX,0001,1046
7300001,BYEXPRESS,EX,0001,1047
7100523,A1 ELECTRIC MORTOR SALES *COD*,IN,0001,1048
7100526,PERFECTION CHAIN COMPANY,IN,0002,1049
7300002,DEWALT FACTORY SERVICE,IN,0001,1050
7300003,MULTI-TESTER ELECTRIC,AD,0001,1051
7300005,SOUTH ESSEX FABRICATING INC,EX,0001,1052
7300008,RYBKORP DELIVERY SERVICE INC,AD,0001,1053
7300009,HEALTHY TURF & LANDSCAPE CARE,AD,0001,1054
7200212,*DO NOT USE* APEX CANADA,IN,F003,1055
7300012,POLAR CLIMATE CONTROL,EX,0001,1056
7300014,DOUG SMITH SIGNS,EX,0001,1057
7300019,CANADIAN CINCH CLAMP INC,IN,0001,1058
7300022,SAMONA,IN,0001,1059
7300023,VULSAY INDUSTRIES LTD.,IN,0001,1060
7300024,SMS LTD.,IN,0001,1061
7300025,GARLAND SURFACE PROTECTION,IN,0002,1062
7300026,BUILDING & CONSTRUCTION CANADA,IN,0001,1063
7300030,TRYTON SALES AND SERVICE,IN,0001,1064
7300031,VAUGHAN ELECTRIC SUPPLY *COD*,IN,0001,1065
7300036,RAY STANTON,AD,0001,1066
7300038,COMBI-FAB,IN,0001,1067
7300040,WERBAR INVESTMENTS,IN,0001,1068
7254632,1732077 ONTARIO LTD,IN,0001,1069
7300043,SCOTT FOREST PRODUCTS LTD,IN,0001,1070
7300044,DEVILS PULPIT GOLF ASSOCIATION,EX,0001,1071
7300046,EVERLAST DOOR SALES INC,EX,0001,1072
7300049,THYSSENKRUPP MATERIALS NA *COD,IN,0001,1073
7300050,MCCANN EQUIPMENT LTD.,EX,0001,1074
7300053,STRONG HAND TOOLS  *COD*,IN,0002,1075
7300054,BAFFIN INC.,IN,0001,1076
7300055,PROFOM INC.,IN,0001,1077
7300056,CONSOLIDATED FASTFRATE INC.,AD,0001,1078
7300057,ACCESS PANELS INC. *COD*,IN,0001,1079
7300059,WESTAR INDUSTRIES LTD.,IN,0001,1080
7300061,AMERICAN POLYWATER CORP.,IN,0001,1081
7300064,KINGSWAY TRANSPORT DIV.OF TFI,EX,0001,1082
7300065,STEPHANE MORIN,EX,0001,1083
7300067,MARFAB METAL PRODUCTS INC.*COD,IN,0001,1084
7300068,ECHOTAPE,IN,0001,1085
7300069,WILENE AND ASSOCIATES,IN,0001,1086
7300070,ALSTON CARTAGE LTD,EX,0001,1087
7300071,AXXESS INTERNATIONAL INC-USD,AD,0002,1088
7300073,CORRECT DOOR SERVICE INC,EX,0001,1089
7300074,FORGE PRODUCTS INC.,IN,0001,1090
7300076,OSG,EX,0001,1091
7300077,AFFILIATED MARKETING INC,IN,0001,1092
7300078,ADT SECURITY SERVICES CANADA,EX,0001,1093
7300079,DISTRIBUTION EUGENE GAGNON INC,IN,0001,1094
7300081,SASKATCHEWAN FINANCE,AD,0001,1095
7300082,MANITOBA FINANCE-TAXATION DIV.,AD,0001,1096
7300084,PYRON FIRE PROTECTION INC,IN,0001,1097
8300085,CLASSIC FIRE PROTECTION,EX,0001,1098
7300089,LACKMOND PRODUCTS INC.,IN,0001,1099
7300090,BENNETT CONTRACTING,IN,0001,1100
7300091,TRUE-FIT PRODUCTS OF TORONTO,IN,0001,1101
7300092,INTERNATIONAL POWER SYSTEMS,IN,0001,1102
7300093,CARETEK INTEGRATED,EX,0001,1103
7300094,NEW MILLENIUM TIRE CENTRE,AD,0001,1104
7300095,TRESCAL CANADA INC,IN,F001,1105
7300096,BAUCO ACCESS PANEL,IN,0001,1106
7300098,LRS INDUSTRIES,IN,0001,1107
7300100,STARLITE GRAPHICS AND SIGNS,EX,0001,1108
7300101,PAUL WOLF LIGHTING & ELECTRIC,IN,0001,1109
7300103,LAYFIELD GEOSYNTHETICS &,IN,0001,1110
7300104,STARLIGHT MAINTENANCE,AD,0001,1111
7300105,SUN LIFE ASSURANCE COMPANY,AD,0001,1112
7300106,CON X EQUIPMENT CANADA INC.,IN,0001,1113
7300108,LIND EQUIPMENT,IN,0001,1114
7300109,COLE INTERNATIONAL INC.,EX,0001,1115
7300110,*****DO NOT USE***,IN,0002,1116
7300112,CLE LEASING ENTERPRISE LTD.,AD,0001,1117
7300113,FOREMOST CAPITAL LEASING COR.,EX,0001,1118
7300114,"MAT INDUSTRIES, LLC",IN,0002,1119
7300116,MTP INSTRUMENTS,IN,0001,1120
7300117,CAPELLA TELECOMMUNICATIONS INC,IN,0001,1121
7300118,TD VISA,AD,0001,1122
7300122,SUNCOR STAINLESS INC,IN,0001,1123
7300123,DRILLCO CUTTING TOOLS,IN,0002,1124
7000502,PAYTON CLARE,AD,0001,1125
7300125,PLATINUM TECHNOLOGIES LTD.,IN,0001,1126
7300126,SAINI BALDEV  *COD*,EX,0001,1127
7300127,JUSTIN WALKER,AD,0001,1128
7300129,MECHANICAL PLASTICS COPR.,IN,0002,1129
7300130,METAL SUPERMARKETS OTTAWA,IN,0001,1130
7300131,ERIN ROPE CORPORATION,IN,0002,1131
7300132,METAL SUPERMARKETS LONDON,IN,0001,1132
7300134,WERNER ACCESS PRODUCTS CANADA,IN,0001,1133
7300135,BRYAN FAMILY LTD. PARTNERSHIP,IN,0002,1134
7300137,GERRITY CPP LTD.,EX,0001,1135
7300138,MINISTER OF FINANCE,EX,0001,1136
7300139,DIRECTOR-FAMILY RESPONSIBILITY,EX,0001,1137
7300140,O'NEIL ELECTRIC SUPPLY LTD,IN,0001,1138
7300141,THE TOOL DOCTOR,IN,0001,1139
7300144,SHRED-IT INTERNATIONAL ULC,EX,0001,1140
7300147,BIG BILL INC.,EX,0001,1141
7300148,ANDRE HVAC INTERNATIONAL *COD*,IN,0001,1142
7300149,COLUMBIA-MBF,IN,0001,1143
7300150,SCAFFOLD RUSS DILWORTH LTD.,IN,0001,1144
7005003,LIFE WEB & DESIGN,EX,0001,1145
7300152,ECCLESTON LLP,EX,0001,1146
7300154,INS - INTERNATIONAL NETWORKING,IN,0001,1147
7300155,METAL WORKS *COD*,IN,0001,1148
7300157,D-TECH CONSULTING INC.,EX,0001,1149
7300156,NEDO,IN,0002,1150
7300158,BEL VOLT SALES LTD,IN,0001,1151
7300163,SHURTAPE TECHNOLOGIES CO.,IN,0001,1152
7300165,SYMBAN LIGHTING,IN,0001,1153
7300166,SIERRA ANCHORS,IN,0001,1154
7300167,BEL PRODUCTS INC,IN,0001,1155
7300168,M.R.C SYSTEMS INC,IN,0001,1156
7300171,XL SCREW CORPORATION,IN,0002,1157
7300172,NSI TORK,IN,0001,1158
7300173,LITELINE CORPORATION,IN,0001,1159
7300174,**DO NOT USE- BRICHEM**,IN,0001,1160
7300175,CERCO CABLE,IN,0001,1161
7300176,HUBBELL CANADA LP,IN,0001,1162
7300177,SPECTRALUME LIGHTING TECH. INC,IN,0001,1163
7300178,MCNIVEN RANCH SUPPLY LTD,IN,0001,1164
7300179,KICHLER,IN,0002,1165
7300180,GALAXY LIGHTING & BRASS LTS,IN,0001,1166
7300181,PROGRESS LIGHTING ACT#308035,IN,0002,1167
7300182,COLLINS SALES & ASSOCIATES,IN,0001,1168
7300183,HINKLEY LANDSCAPE LIGTING,IN,0002,1169
7300184,BENNER-NAWMAN INC,IN,0002,1170
7300185,ITC ELECTRICAL COMPONENTS,IN,0001,1171
7360186,EXM MAUFACTURING LTD,IN,0001,1172
7300188,MINUTEMAN PRESS,EX,0001,1173
7300189,PROGRESSIVE WASTE SOLUTIONS,EX,0001,1174
7300191,GARVIN INDUSTRIES  *COD*,IN,0002,1175
7300192,AZTEC ELECTRICAL SUPPLY,IN,0001,1176
7300194,E.S.L. DIVISION OF 646321 ONT.,IN,0001,1177
7300196,PLASTIC WORLD *COD*,IN,0001,1178
7300198,BN PRODUCTS--DO NOT USE,IN,0002,1179
7300200,829926484 CANADA LTD.,AD,0001,1180
7300201,SPG INTERNATIONAL,IN,0001,1181
7300202,CANADA COLORS & CHEMICALS LTD,IN,0001,1182
7300203,SWIFT DEVICES LIMITED,IN,0001,1183
7300204,CONVEYERAIL SYSTEMS INC.,IN,0001,1184
7300208,READY WIRE,IN,0001,1185
7300210,BRUCE DOWIE,AD,0001,1186
7000053,WINDSOR POIRIER LEASE,AD,0001,1187
7300211,CIBC VISA,AD,0001,1188
7300212,ZEP SALES & SERVICE OF CANADA,IN,F003,1189
7300215,COOPER WIRING DEVICES,IN,0001,1190
7300216,TAYLORED CUSTOM FAB,IN,0001,1191
7300217,AMERI-CAN MACHINERY LTD,IN,0001,1192
7300218,CANADA CHAIR COMPANY,IN,0001,1193
7300219,CENTURY TOOLS AND MACHINERY,IN,0001,1194
7300220,JOE JOHNSON EQUIPMENT INC.,IN,0001,1195
7300221,TECOUSTICS LIMITED(DO NOT USE),IN,0001,1196
7300222,FEISS,IN,0002,1197
7300223,"EIKO GLOBAL, LLC (CANADA)",IN,0001,1198
7300224,VANGUARD GLOBAL SERVICES ULC,EX,0001,1199
7300379,**DO NOT USE** SPILL TECH,IN,F0.5,1200
7300226,CON X EQUIPMENT,IN,0001,1201
7300227,DARYEL WHITE,AD,0001,1202
7300228,PAL DISTRIBUTORS/FOAMPAK,IN,0001,1203
7300229,CORE MARKETING STRATEGIES INC.,EX,0001,1204
7300230,2450043 ONTARIO INC.,AD,0001,1205
7300231,CABLE TIES AND MORE,IN,F001,1206
7300232,PRIORITY WIRE & CABLE,IN,0001,1207
7300233,PROTECTIVE ROOFING PRODUCTS,IN,0001,1208
7300234,EASILY MOVED EQUIPMENT,IN,0001,1209
7300236,CHERVON CANADA INC,IN,0001,1210
7300237,MARTOR USA,IN,0002,1211
7300238,WORKRITE UNIFORM CANADA ULC,IN,0001,1212
7300239,VELCRO CANADA,IN,0001,1213
7300240,SUPREME PACKAGING SUPPLIES LTD,IN,0001,1214
7300242,SHRADER CANADA LIMITED,IN,0001,1215
7300243,UNITED MESSENGERS LTD.,EX,0001,1216
7300245,DAVE KELLY,EX,0001,1217
7300246,CITY ELECTRIC ( COD ),IN,0001,1218
7300247,NILFISK INDUSTRIAL VACUMES,IN,0001,1219
7300249,SABRE,EX,0001,1220
7300252,ACCELERATED CONNECTIONS,EX,0001,1221
7300253,ROTO-STATIC,EX,0001,1222
7300254,EXPRESS WELDING SUPPLIES,IN,0001,1223
7300255,ANIXTER CANADA INC,IN,0001,1224
7300256,HONDA POWER HOUSE,IN,0001,1225
7300257,ADHECO LTD,IN,0001,1226
7300258,DIVERSIFIED VENTURES,IN,0001,1227
7300260,EBERL IRON WORK INCPPORTS,IN,0002,1228
7300261,FRONIUS CANADA LTD,IN,0001,1229
7300262,MOVING BLANKETS*COD*,IN,0001,1230
7300263,CSR BUILDING SUPPLIES LTD,IN,0001,1231
7300264,DIMAR CANADA,IN,0001,1232
7300265,MCCANN EQUIPMENT LTD-OAKVILLE,IN,0001,1233
7300266,2540068 ONTARIO INC,EX,0001,1234
7300267,SECUR-T-BOX,IN,0001,1235
7300400,I.TEK INNOVATIONS,EX,0001,1236
7300269,TPI CORPORATION,IN,0002,1237
7300270,PATRICK BLAIS,AD,0001,1238
7300272,MARIE O'BRIEN,EX,0001,1239
7300276,CAVALIER INDUSTRIES LTD,IN,0001,1240
7300278,KEYPAK,IN,0001,1241
7300279,TITAN TOOL INC,IN,0001,1242
7300300,CINTAS CANADA LTD.,EX,0001,1243
9300279,DO NOT USE-TITEN,IN,0002,1244
7300282,NUVO IRON,IN,0001,1245
7300284,ABATEMENT TECHNOLOGIES,IN,0001,1246
7300285,SFS INTEC INC**COD**,IN,0001,1247
7300288,GREEN CLEAN MAINTENANCE,EX,0001,1248
7300289,MEADOWBROOK,EX,0001,1249
7300290,PRESTO POWER TOOL SERVICE,IN,0001,1250
7300291,R&R RIVET/CANADIAN BLIND RIVET,IN,0001,1251
7300292,MILLOMAT STAMPING INC,IN,0001,1252
7300293,ECM INDUSTRIES LLC,IN,0001,1253
7300296,WACHS CANADA INC.,IN,0001,1254
7300297,ANDRADES LANDSCAPING,EX,0001,1255
7300298,METAL PROS*COD*,IN,0001,1256
7003080,"BASIC CONCEPTS, INC.*COD*",IN,0002,1257
7300299,XCEL PRODUCTS INC,IN,0001,1258
7300301,SOLEX INDUSTRIAL HANDLING,IN,0001,1259
7300302,TINGLEY INC.,IN,0001,1260
7300303,OBERON COMPANY,IN,0002,1261
7300307,USAMA VALAM,AD,0001,1262
7300309,"TEMPO COMMUNICATIONS, INC.",IN,0002,1263
7300311,MAG TOOL INC,IN,F002,1264
7300313,MIKE BURACK,AD,0001,1265
7300314,ARAMARK REFRESHMENT SERVICES,EX,0001,1266
8000000,NATIONAL ORGANIZATION OF,AD,0002,1267
7300317,JDI CLEANING SYSTEMS,EX,0001,1268
7300318,GOFOR INDUSTRIES CANADA,EX,0001,1269
7300319,PRO-TEM SOLUTIONS LTD,IN,F012,1270
7300321,MC FADDENS HARDWWOOD,IN,0001,1271
7300322,SAFECROSS FIRST AID LTD,IN,0001,1272
7300323,FERNO CANADA INC  *COD*,IN,0001,1273
7300325,KEN MOORE CARD5456122724992725,EX,0001,1274
7300330,GERMIPHENE CORPORATION,IN,0001,1275
7300331,SOLE PRODUCTS,IN,0001,1276
7300332,CTG BRANDS INC,IN,0001,1277
7300333,LITTLE GUYS,EX,0001,1278
7300335,***DO NOT USE***,IN,0001,1279
7300336,GLOVER'S THREADED PRODUCTS INC,IN,0001,1280
7300337,WINDSOR BUILDING CENTRE,IN,0001,1281
9999998,DETRACK,AD,0001,1282
7300338,CHICAGO PROTECTIVE APPAREL,IN,0002,1283
7300340,GEROLINE INC,IN,0001,1284
7300341,HVAC DEPOT & METAL MFG,IN,0001,1285
7300342,IMPACT TOOL SOLUTIONS (ITS),IN,0001,1286
7300343,CEP (CONSTRUCTION ELECTRICAL,IN,0001,1287
7300345,UCC STEELWORK CONNECTIONS INC,IN,0001,1288
7300348,FLEXWEST LLC/DBA VOLTEC POWER,IN,0001,1289
7300349,NEUTRON ELECTRONICS LTD,IN,F002,1290
7300354,WOLF PEAK INTERNATIONAL,IN,0002,1291
7300355,HARBOUR TECHNOLGIES,IN,0001,1292
7300380,FARAZ AUTO SALES LTD,EX,F0.5,1293
7300362,ON-SITE SAFETY,IN,0001,1294
6000505,GENERAL DESIGN CONTRACTING,EX,0001,1295
7300364,JIAXING CNS METAL CO LTD,IN,0002,1296
7300366,FULLER LANDAU LLP,EX,0001,1297
7300607,ELEVATE LIFT CO.,EX,0001,1298
7300367,VULCAN HOIST PALAN,IN,F0.5,1299
7300369,HAVEN TECHNOLOGIES (ISOTUNES),IN,F0.5,1300
7300381,ABSORBENTS MIDWEST,IN,0001,1301
7300383,SOLEMAT INC,IN,F0.5,1302
7009999,CANLIFT EQUIPMENT LTD.,EX,F001,1303
7300387,SABRE INDUSTRIAL SUPPLIES LTD,IN,F0.5,1304
7300011,TRAFALGAR SUPPLY CO,EX,0001,1305
7300391,SPILLTECH ENVIRONMENTAL,IN,F0.5,1306
7100025,STEVEN BUTCHER,AD,0001,1307
7000999,LIFTOW LIMITED,AD,0001,1308
7000888,SAGE HR CONSULTING INC.,EX,0001,1309
6000137,AUSTIN MOORE,EX,0001,1310
7300405,ALPINE PACKAGING LTD,IN,F001,1311
7300415,MILACRON DUBOIS CHEMICALS,IN,F001,1312
7300416,MCR SAFETY,IN,0005,1313
7300418,SIMMONS KNIFE & SAW,IN,U065,1314
7300428,UNISTRUT BUILDING,IN,F001,1315
7300430,KIMBERLY CLARK,IN,F001,1316
7300434,DYNABRADE INC,IN,0002,1317
7300437,BSIBIO PACKAGING SOLUTIONS,IN,F001,1318
7300440,KLEEN FLO,IN,F001,1319
4300443,BGE INDOOR AIR QUALITY,IN,F001,1320
7300445,MOTION CANADA,IN,F001,1321
7300446,ALLRIGHT LADDER,IN,F001,1322
7300452,BOHLER WELDING GROUP,IN,F001,1323
7300454,PACIFIC BOLT,IN,F001,1324
7300456,HYSECO FLUID SYSTEMS,IN,F001,1325
7330457,ACCUFORM SIGNS,IN,0005,1326
7300461,HERCULES SLR INC,IN,F001,1327
7300467,CANNON IND LTD,IN,F001,1328
7300468,DOALL VANCOUVER INC,IN,F001,1329
7300469,PRODUCTION SUPPLY,IN,F001,1330
7300470,HI TECH FASTENERS,IN,F001,1331
7300471,REDWOOD PLASTICS,IN,F001,1332
7300472,ECLIPSE TOOLS,IN,F001,1333
7300473,INDUFAST INDUSTRIAL FASTENERS,IN,F001,1334
7300474,RAPID TOOL,IN,F001,1335
7300475,BC BOLTING,IN,F001,1336
7300476,PRECISE BEARING,IN,F001,1337
7300477,ZZPOWER TOOL,IN,F001,1338
7300478,SOUTH PACIFIC VENT,IN,F001,1339
7300479,ACETRONIC INDUSTRIAL CONTROLS,IN,F001,1340
7300480,WARD'S HYDRAULIC SERVICES LTD,IN,F001,1341
7300482,PELICAN PRODUCTS,IN,F001,1342
7300483,QUALICHEM INDUST,IN,F001,1343
7300485,ABSORBENT PRODUCTS LTD,IN,F001,1344
7300490,BRENNAN INDUSTRIES,IN,F001,1345
7300491,XYNYTH MANUFACTURING CORP,IN,F001,1346
7300492,RAIDER HANSEN,IN,F001,1347
7300494,MEGA TOOLS LTD,IN,F001,1348
7300495,TOPRING,IN,F001,1349
7300499,KENT WELDING GUN,IN,F001,1350
7300506,D G MACLACHLAN,IN,F001,1351
7300507,MCGREGOR & THOMPSON,IN,F001,1352
7300508,MONARCH INDUSTRIES,IN,F001,1353
7300509,PBE DISTRIBUTORS,IN,F001,1354
7300512,SAMUEL PACKAGING AP,IN,F001,1355
7300513,PRAXXAIR CANADA/LINDE,IN,F001,1356
7300514,CANADIAN ENERGY VANCOUVER,IN,F001,1357
7300517,INTERCON ENTERPRISES INC,IN,F001,1358
7300520,ROTO PRECISION INC,IN,F001,1359
7300521,WEXXAR PACKAGING,IN,F001,1360
7300525,GUILLEVIN INTERNATIONAL,IN,F001,1361
7300526,ALLIANCE SOAP MANUFACTURING IN,IN,F001,1362
7300527,SARRACO CRANE SERVICE LTD,IN,F001,1363
7300528,R T METAL PRODUCTS LTD,IN,F001,1364
7300530,COGHLAN'S,IN,F001,1365
7300531,CHAPIN INTERNATIONAL,IN,0005,1366
7300532,ICS GREAT WESTERN LP,IN,F001,1367
7300534,HILTI (CANADA) CORPORATION,IN,F001,1368
7300535,SUMMIT TOOLS,IN,F001,1369
7300536,TECHNICUT INDUSTRIAL SUPPLY,IN,F001,1370
7300537,STEINEL CANANDA INC,IN,F001,1371
7300538,EMERSON SUMMERS CANADA LTD,IN,F001,1372
7300540,UNIFIED ALLOYS,IN,F001,1373
7300541,ALEMITE DIVISION,IN,F001,1374
7300543,MULTICAM CANADA INC,IN,F001,1375
7300544,AMCAN BEARING COMPANY,IN,F001,1376
7300545,ANCRA CANANDA,IN,F001,1377
7300546,EAGLE INDUSTRIAL,IN,F001,1378
7300547,"HANSON, A J & CO",IN,0005,1379
7300549,BISON WIRE ROPE,IN,F001,1380
7300550,PROTOOL INDUSTRIAL SALES,IN,F001,1381
7300551,HENKEL LEPAGE,AD,F001,1382
7300552,HUDSON PLATING CO LTD,IN,F001,1383
7300553,WESTERN RUGGED TOOLS,IN,F001,1384
7300554,SIOUX TOOLS,IN,F001,1385
7300555,BARRY HAMEL EQUIPMENT LTD,IN,F001,1386
7300556,MINKE VENTURES INC,IN,F001,1387
7300557,CLEVELAND CITY FORGE,IN,0005,1388
7300560,CENTRAL RAIL SUPPLY LTD,IN,F0.5,1389
7300562,AVAILABLE TO REPLACE,IN,F0.5,1390
7300564,SOUDAL CHEMICAL PRODUCTS INC,IN,F0.5,1391
7300565,ALCOT PLASTICS LTD,IN,F0.5,1392
7300577,JASON BATTEN,EX,0001,1393
7300578,MNSI TELECOM,EX,0001,1394
6100003,FASTENING HOUSE VAUGHAN,EX,0001,1395
6100007,FASTENING HOUSE LONDON,EX,0001,1396
6100010,FASTENING HOUSE WINDSOR,EX,0001,1397
6100011,FASTENING HOUSE OTTAWA,EX,0001,1398
6100012,FASTENING HOUSE KITCHENER,EX,0001,1399
6100015,FH DEMO VAN,EX,0001,1400
6100050,SABRE INDUSTRIAL SURREY,EX,0001,1401
6100051,SABRE INDUSTRIAL DELTA,EX,0001,1402
7200555,SPECTRA-CON GROUP INC.,IN,0001,1403
7300566,SELLCORP SERVICES INC.,IN,0001,1404
7305555,PHOCAS INC,EX,0001,1405
7300567,DAP CANADA INC,IN,0001,1406
7300568,DOUBLE R RENTALS,EX,0001,1407
7300569,JAN-PRO VANCOUVER,EX,0001,1408
7300570,RBC VISA SABRE ACC,AD,0001,1409
6000999,CANADA COVERS LTD,IN,0001,1410
6000998,DAVID  PALOZZI,AD,F001,1411
7300571,K&H DISPATCH COURIER,EX,0001,1412
7300572,NUMBER 8 FREIGHT,EX,0001,1413
7300573,GRAND & TOY,EX,0001,1414
7300574,COMMPORT COMMUNICATIONS,EX,0001,1415
7300575,HERCULES FORWARDING INC,EX,0001,1416
7300579,HINO CENTRAL,EX,0001,1417
7300576,KONICA MINOLTA BUSINESS,EX,0001,1418
7300580,ROME TRANSPORTATION INC.,EX,0001,1419
7300581,CASTER WORLD,IN,0001,1420
7300582,STAPLES PROFESSIONAL,EX,0001,1421
7300583,ASTRO GUARD ALARMS LTD.,EX,0001,1422
7300584,ABELL PEST CONTROL,EX,0001,1423
7300585,SCOTIA TRUCK & TRAILER REPAIRS,EX,0001,1424
7300586,BC HYDRO,EX,0001,1425
7300587,FORTIS BC,EX,0001,1426
7300588,PACIFIC CUSTOMS BROKERS,EX,0001,1427
7300589,STONEWATER VENTURES LTD.,EX,0001,1428
7300590,VIRTUAL LOGISTICS INC.,EX,0001,1429
7300591,STARGATE CONNECTIONS INC.,EX,0001,1430
7300592,RACKSTEEL INC.,EX,0001,1431
7300593,EBCO METAL FINISHING,EX,0001,1432
7300594,SUPPLY PRO,EX,0005,1433
7300595,CANREAL MANAGEMENT CORPORATION,EX,0001,1434
7300596,PLASCON PLASTICS CORPORATION,EX,0001,1435
7300597,LLOYD INVESTMENTS LTD.,EX,0001,1436
7300598,MVN HOLDINGS LTD.,EX,0001,1437
7300599,CHRIS MASON,AD,0001,1438
7300603,MICHAEL VICK,AD,0001,1439
7300604,PTI SOLUTIONS,EX,0001,1440
7300688,MINISTER OF FINANCE,EX,F001,1441
7300605,ISCAR TOOLS INC.,IN,F002,1442
7300608,MUTUELLE M.R.O. INC.,EX,0001,1443
7300609,BARTEK CONSTRUCTION LTD.,EX,0001,1444
7300610,MIRKA CANADA INC.,EX,0001,1445
7300611,NORTHRIDGE ELECTRIC LTD.,EX,0001,1446
7300612,HARDING FORKLIFT SERVICES LTD.,EX,0001,1447
7300080,PETTY CASH- LONDON,AD,0001,1448
7300613,G2S TOBEQ,IN,F0.5,1449
7300614,ALLEN TANG,AD,0001,1450
7300615,HEALTH CANADA,EX,0001,1451
7300616,"GLORY PLANET CO., LTD",IN,0002,1452
7300617,"NINGBO ANBOR HARDWARE CO.,LTD",IN,0002,1453
7300618,ZHEJIANG XINTAI STANDARD,IN,0002,1454
7300619,FASTBOAT INTERNATIONAL,IN,0002,1455
7300017,JOE BONACCI,AD,0001,1456
7300620,NATG INTEGRATED SYSTEMS,EX,0001,1457
7300621,1ST PEST CONTROL,EX,0001,1458
7300622,BCD HOLDINGS LTD.,EX,0001,1459
7300623,BN PRODUCTS,IN,0002,1460
7300624,1ST PEST CONTROL,EX,0001,1461
7300625,MAJESTIC LUBRICANTS OF CANADA,IN,F0.5,1462
